salmon Handmade Cotton Salad Reingermouth,aus
white Practical Rubber Table Moenhaven,eu
mint green Ergonomic Fresh Bacon Port Tyreekmouth,asia
white Small Concrete Ball Stoneberg,eu
sky blue Unbranded Steel Bacon East Helenabury,asia
pink Generic Frozen Pants Olafbury,eu
yellow Unbranded Concrete Shirt Jasthaven,aus
yellow Incredible Cotton Chicken Shanahanview,aus
turquoise Incredible Fresh Pants Maggiomouth,eu
white Ergonomic Rubber Car South Monserratport,aus
maroon Fantastic Steel Sausages Williemouth,eu
orchid Sleek Rubber Shoes Lake Waino,aus
gold Generic Frozen Fish New Mason,asia
ivory Unbranded Wooden Table Bergeborough,noam
sky blue Generic Plastic Fish Tatyanaside,aus
violet Ergonomic Rubber Sausages Malliehaven,soam
orchid Practical Soft Shoes Lake Milton,asia
pink Sleek Cotton Pants Bradtkeside,noam
yellow Generic Concrete Car Marceltown,asia
salmon Incredible Frozen Car Kuhicborough,noam
grey Handcrafted Fresh Bacon Krajcikhaven,noam
turquoise Rustic Soft Bike Kuphalberg,aus
orchid Unbranded Fresh Chair Abelardofort,noam
silver Refined Cotton Shoes New Laury,eu
yellow Awesome Concrete Table Bradtketon,asia
red Gorgeous Frozen Chips North Shanaview,soam
yellow Sleek Soft Gloves Kutchbury,soam
orange Generic Metal Chair Port Pansystad,asia
white Intelligent Fresh Ball North Katelinborough,aus
violet Licensed Concrete Mouse North Robbberg,eu
maroon Tasty Metal Bacon South Summer,soam
magenta Generic Metal Sausages West Bufordtown,noam
orange Incredible Metal Chair Bauchshire,asia
violet Refined Metal Bacon Kaylinburgh,aus
olive Tasty Rubber Shoes Gleasonfurt,asia
orange Refined Fresh Tuna New Martyburgh,noam
azure Fantastic Cotton Towels Scarlettborough,eu
green Awesome Granite Shirt Port Trycia,aus
teal Intelligent Steel Salad Port Germanland,aus
mint green Sleek Cotton Salad Reynoldsborough,aus
maroon Ergonomic Metal Pants Sabinaside,aus
white Awesome Fresh Sausages West Zena,aus
magenta Tasty Soft Towels Port Fabiolaton,aus
fuchsia Rustic Metal Shoes Norenemouth,asia
ivory Tasty Steel Salad Port Darren,noam
salmon Awesome Plastic Computer Uptonmouth,eu
blue Handcrafted Plastic Chair Allieburgh,soam
violet Practical Fresh Salad North Adriana,noam
salmon Fantastic Steel Salad Port Gillianstad,eu
olive Tasty Granite Table East Maryse,aus
gold Licensed Plastic Pants Adamsside,noam
lavender Sleek Frozen Mouse South Mikelland,eu
azure Gorgeous Soft Shirt Lake Ledachester,aus
tan Handmade Frozen Mouse New Axelmouth,eu
grey Generic Rubber Table Kerlukestad,aus
gold Sleek Soft Tuna North Riley,soam
maroon Generic Concrete Pants West Roxaneville,asia
green Fantastic Frozen Hat Naderview,noam
azure Ergonomic Wooden Tuna Prohaskaport,aus
lavender Generic Wooden Pants Johnathonfort,eu
orchid Tasty Wooden Computer Lake Jaylan,asia
yellow Refined Cotton Shirt Martastad,eu
silver Generic Fresh Chips New Macyside,noam
tan Fantastic Granite Towels North Neldafurt,asia
plum Small Metal Hat Runolfsdottirview,aus
turquoise Tasty Soft Pizza Lake Skylaport,noam
grey Intelligent Frozen Table Lakinhaven,eu
purple Licensed Cotton Soap West Vincenzo,asia
blue Awesome Metal Fish North Elena,soam
yellow Gorgeous Steel Mouse East Brantville,aus
blue Handcrafted Metal Fish Frankiefurt,soam
blue Handcrafted Soft Bacon Lake Emeraldfort,noam
gold Tasty Fresh Towels West Pansyview,asia
olive Handmade Metal Ball East Emmetchester,noam
black Generic Fresh Tuna Laurianeburgh,eu
olive Small Soft Hat New Harvey,eu
lime Sleek Granite Bike Hermistonstad,eu
yellow Gorgeous Wooden Shoes Shanahanchester,noam
black Rustic Steel Tuna New Keon,eu
grey Licensed Steel Shirt Doyleville,asia
gold Incredible Cotton Shirt Maggioside,aus
orchid Tasty Steel Tuna Reynoldsshire,asia
mint green Handmade Granite Shirt New Nathanielhaven,asia
orchid Refined Rubber Ball New Corbin,noam
silver Small Fresh Chips Lake Aniyaberg,eu
olive Licensed Cotton Pizza Port Lloyd,soam
silver Incredible Plastic Cheese Greysontown,eu
orange Handcrafted Steel Pants South Nicolas,eu
azure Intelligent Metal Pants Port Otha,eu
teal Sleek Granite Pizza Sydnishire,eu
turquoise Refined Plastic Chips Rosenbaumberg,aus
teal Incredible Concrete Gloves East Aisha,asia
magenta Sleek Steel Sausages East Shaniaville,asia
gold Practical Metal Towels Lake Obie,noam
red Practical Soft Bike West Lexus,noam
azure Ergonomic Fresh Mouse Keeblerfort,asia
purple Small Granite Shoes Port Mathilde,eu
white Tasty Concrete Gloves Lake Shirley,eu
teal Generic Soft Computer Barneymouth,aus
grey Handmade Soft Towels Chelseaburgh,noam
silver Ergonomic Metal Salad Lake Marlin,aus
orchid Intelligent Soft Sausages West Ada,asia
maroon Practical Soft Ball Billyborough,eu
blue Gorgeous Plastic Car McDermottmouth,noam
olive Refined Granite Fish Augustamouth,noam
olive Unbranded Soft Shoes Jacobsburgh,noam
turquoise Refined Steel Tuna North Ulicesland,soam
white Handcrafted Cotton Shirt Batzshire,noam
gold Tasty Steel Cheese Leoton,asia
olive Tasty Frozen Tuna Carterland,asia
salmon Intelligent Frozen Computer North Cordia,noam
orchid Fantastic Soft Keyboard Port Ivory,noam
olive Intelligent Frozen Salad Gutmannstad,asia
plum Awesome Steel Chair South Era,asia
olive Gorgeous Frozen Chips West Albina,eu
red Licensed Plastic Pants North Lucienneville,noam
lavender Ergonomic Concrete Mouse Port Rodgerfurt,noam
plum Practical Concrete Chips Lake Viviane,eu
pink Licensed Soft Mouse Emmerichmouth,eu
red Tasty Soft Shirt Lake Gillianshire,asia
grey Tasty Concrete Pizza Friesenburgh,asia
teal Fantastic Cotton Gloves South Maggie,soam
silver Unbranded Soft Table Blockfort,eu
orchid Small Fresh Pizza Sallyfort,asia
white Generic Rubber Chicken New Nickburgh,aus
green Generic Wooden Chair Letaburgh,aus
salmon Rustic Plastic Keyboard South Flavie,asia
fuchsia Handcrafted Cotton Soap Olenmouth,noam
blue Small Rubber Table North Liamside,aus
teal Intelligent Rubber Computer Port Cristalmouth,aus
purple Incredible Granite Fish Lake Anissa,aus
blue Fantastic Rubber Chips New Rogers,asia
red Handcrafted Wooden Ball Deloreston,eu
blue Rustic Fresh Mouse Lake Fletastad,eu
lime Ergonomic Frozen Hat Lake Elisabeth,soam
turquoise Unbranded Granite Pants Garryhaven,aus
orange Refined Fresh Hat Armanitown,noam
magenta Licensed Steel Shirt Langland,eu
lime Ergonomic Soft Soap Nickshire,noam
sky blue Practical Metal Table South Dean,noam
white Unbranded Frozen Chair Corrinefort,aus
mint green Small Soft Tuna West Eliezerchester,noam
grey Rustic Steel Sausages Dachfurt,asia
white Unbranded Rubber Pants Darestad,eu
white Unbranded Granite Tuna Emilyhaven,aus
indigo Refined Soft Tuna North Kara,eu
purple Intelligent Granite Tuna Ivahfort,noam
pink Rustic Fresh Car New Devanview,asia
blue Generic Rubber Table New Fatima,asia
orange Rustic Frozen Chicken Hillsview,aus
orchid Sleek Plastic Bike Nicotown,noam
plum Generic Frozen Bike Port Camrynmouth,noam
orchid Handmade Soft Soap East Keanubury,asia
plum Handmade Concrete Cheese Mikelbury,noam
orchid Intelligent Cotton Chips North Yoshikoborough,eu
teal Ergonomic Steel Gloves McClurechester,eu
maroon Sleek Metal Towels West Meda,soam
purple Small Cotton Bacon East Patrick,soam
plum Tasty Wooden Salad Hudsonton,noam
indigo Generic Plastic Car Reinaland,eu
violet Handmade Granite Computer Kilbackport,aus
tan Ergonomic Wooden Towels North Gunnarburgh,soam
green Incredible Steel Tuna Augusttown,aus
indigo Intelligent Frozen Sausages MacGyvermouth,aus
lime Awesome Rubber Ball South Brain,eu
purple Handcrafted Wooden Towels Gracielaburgh,noam
indigo Rustic Cotton Salad Ceciliafurt,aus
ivory Refined Soft Gloves Hahnchester,noam
orange Sleek Plastic Table West Polly,noam
fuchsia Small Wooden Shirt West Pamela,aus
orange Tasty Rubber Chips North Rosanna,noam
violet Rustic Plastic Tuna Medhurstfort,eu
fuchsia Practical Soft Soap New Haylee,aus
cyan Generic Fresh Pants Kiehnview,eu
olive Generic Frozen Bike North Laurianneview,soam
plum Generic Rubber Gloves Champlinmouth,eu
tan Tasty Plastic Bacon East Nathan,noam
purple Licensed Soft Sausages New Alexzander,asia
tan Handcrafted Wooden Shirt Helenfurt,aus
tan Practical Soft Chicken New Mollyview,noam
orange Licensed Rubber Computer Frederikton,asia
black Unbranded Frozen Salad Rathberg,asia
purple Handcrafted Fresh Car Torphymouth,asia
purple Refined Frozen Soap Kemmerton,noam
fuchsia Intelligent Metal Chair Nadermouth,asia
blue Rustic Fresh Car Janelleport,aus
pink Licensed Rubber Salad Lake Justen,eu
sky blue Unbranded Soft Soap Luigimouth,noam
pink Ergonomic Concrete Salad West Francisborough,eu
silver Unbranded Plastic Hat New Ilianashire,noam
red Small Frozen Pants Lake Sim,eu
white Incredible Cotton Mouse Meaganstad,noam
azure Licensed Concrete Keyboard Langworthburgh,noam
plum Fantastic Soft Bacon Binsbury,asia
fuchsia Incredible Rubber Sausages Carychester,asia
indigo Handmade Cotton Cheese Dinabury,asia
fuchsia Ergonomic Frozen Sausages Fadeltown,noam
tan Incredible Fresh Shoes Whitneyview,soam
magenta Unbranded Cotton Chicken Shaynefort,noam
azure Handmade Granite Table Charlesbury,asia
sky blue Awesome Cotton Gloves Miraclechester,asia
violet Handcrafted Wooden Fish South Alfordburgh,eu
grey Practical Fresh Bike Port Weldon,asia
sky blue Practical Granite Towels West Monica,noam
grey Gorgeous Plastic Soap Hayesshire,asia
turquoise Intelligent Metal Bacon Considinefort,noam
fuchsia Tasty Metal Table Wuckertton,soam
green Awesome Frozen Chips North Evalynland,asia
red Handcrafted Cotton Shirt Lake Lorenz,asia
magenta Gorgeous Concrete Fish New Adrien,asia
lime Licensed Cotton Shoes South Tatum,eu
mint green Handmade Plastic Chips Beattyburgh,asia
white Unbranded Frozen Car Williamhaven,soam
white Handcrafted Rubber Sausages Angelitaview,eu
turquoise Incredible Granite Sausages Schadenbury,asia
maroon Unbranded Rubber Chair North Helenechester,noam
plum Rustic Frozen Cheese South Deborah,noam
azure Refined Wooden Chips East Ludieland,noam
turquoise Awesome Concrete Bacon New Edna,asia
cyan Practical Steel Ball Robertton,asia
violet Awesome Rubber Cheese Celinefort,asia
indigo Handcrafted Steel Bike Port Michaleland,noam
gold Ergonomic Frozen Car Heavenhaven,noam
gold Incredible Steel Keyboard Sauerland,noam
maroon Handmade Plastic Car South Tiffanychester,soam
azure Sleek Wooden Sausages South Wade,soam
black Generic Frozen Mouse West Skylar,noam
red Fantastic Wooden Chair Halvorsonburgh,asia
olive Intelligent Steel Cheese East Braeden,asia
blue Unbranded Frozen Sausages North Clemens,asia
lavender Intelligent Concrete Shoes East Gideon,soam
sky blue Fantastic Frozen Shoes Danielport,asia
magenta Licensed Steel Salad Riceside,eu
teal Intelligent Steel Ball Lilianside,soam
cyan Handmade Concrete Car Austenfort,soam
silver Generic Cotton Tuna Pfannerstillberg,eu
maroon Intelligent Steel Salad West Lura,aus
silver Fantastic Cotton Mouse Marcosbury,asia
white Fantastic Granite Chair Port Mariela,soam
yellow Handmade Concrete Gloves West Eldaland,eu
plum Awesome Metal Shoes New Vincenzoside,noam
indigo Rustic Wooden Hat Oriehaven,noam
turquoise Incredible Granite Keyboard Whitneyfort,aus
black Licensed Plastic Chair Abbottfurt,aus
yellow Intelligent Rubber Chicken Turnerhaven,soam
gold Sleek Concrete Chair Harrisshire,asia
sky blue Handmade Cotton Fish Andersonburgh,soam
cyan Refined Plastic Tuna Hackettburgh,eu
olive Incredible Concrete Mouse Bradfordshire,eu
tan Incredible Metal Cheese South Rudyton,noam
silver Rustic Concrete Shirt Dickiville,noam
lavender Handcrafted Granite Computer New Orie,asia
teal Gorgeous Granite Computer Birdieshire,asia
lavender Gorgeous Soft Shoes South Urbanton,eu
orchid Incredible Soft Salad Johaven,aus
orchid Intelligent Concrete Sausages Lake Dena,eu
grey Awesome Rubber Salad Lake Johnpaul,noam
silver Ergonomic Wooden Sausages Krismouth,asia
plum Practical Rubber Mouse West Maxime,aus
indigo Unbranded Rubber Car Framiberg,eu
mint green Ergonomic Metal Salad Garretton,eu
purple Licensed Frozen Sausages East Thalia,noam
maroon Generic Soft Bacon Pricebury,noam
green Incredible Concrete Bacon Port Leathaport,eu
grey Gorgeous Plastic Bike Koeppmouth,aus
white Generic Concrete Sausages South Jerrold,eu
green Fantastic Plastic Cheese Jaquelinebury,asia
lime Awesome Cotton Gloves Lake Yazmin,noam
yellow Awesome Wooden Pizza Lake Keanu,eu
lavender Gorgeous Metal Hat Rohanland,noam
magenta Tasty Fresh Bike Letabury,aus
tan Handmade Wooden Cheese Maggioshire,asia
olive Rustic Soft Fish Thalialand,aus
maroon Practical Cotton Hat Franeckihaven,asia
olive Practical Granite Fish South Keyon,aus
teal Awesome Fresh Fish Jovaniton,noam
orchid Ergonomic Metal Towels Justynport,noam
tan Tasty Fresh Pants Shanahanhaven,aus
black Practical Soft Chicken McGlynnshire,eu
ivory Gorgeous Concrete Ball East Victor,noam
purple Sleek Soft Sausages South Thea,asia
maroon Sleek Wooden Salad Port Izabellaland,asia
mint green Refined Plastic Sausages Haleyborough,asia
mint green Awesome Cotton Computer Waelchiland,noam
blue Rustic Plastic Chair Aronstad,noam
white Rustic Concrete Salad South Guidoville,noam
indigo Licensed Plastic Bike New Ophelia,asia
purple Handmade Soft Hat Funktown,noam
gold Ergonomic Wooden Pants New Robertville,aus
yellow Rustic Wooden Fish Jermeybury,noam
red Tasty Soft Sausages Lake Jade,noam
yellow Licensed Plastic Pizza Cassinton,noam
salmon Handmade Steel Sausages Samville,asia
salmon Handcrafted Metal Shoes Port Jadabury,noam
olive Awesome Granite Pants West Jedport,asia
grey Generic Concrete Chicken Lisandrochester,soam
magenta Sleek Cotton Bike South Lemuelchester,noam
lavender Gorgeous Granite Chair North Bailey,eu
black Intelligent Rubber Table Dickiburgh,asia
orange Licensed Steel Towels West Jeanside,asia
violet Intelligent Cotton Hat South Lavada,soam
green Fantastic Concrete Computer Mullerfort,asia
orchid Ergonomic Fresh Sausages Jalonstad,asia
gold Fantastic Cotton Keyboard Haskellshire,noam
cyan Licensed Frozen Ball Desmondport,aus
violet Gorgeous Plastic Sausages Kayliburgh,noam
mint green Incredible Wooden Tuna South Brodyfurt,soam
cyan Handmade Cotton Chair Verdaburgh,eu
mint green Handcrafted Plastic Bike South Talon,noam
plum Small Frozen Chair South Lavinia,noam
azure Licensed Soft Bike Schadenmouth,asia
turquoise Intelligent Fresh Computer South Yasminborough,eu
tan Sleek Cotton Mouse East Travisborough,noam
mint green Intelligent Wooden Mouse Pagacville,noam
grey Rustic Steel Pizza Christianmouth,asia
mint green Tasty Cotton Table Rhettville,noam
maroon Small Steel Towels Daxfurt,noam
lime Handmade Granite Table Madisenburgh,soam
magenta Sleek Wooden Mouse South Keiraberg,noam
cyan Handmade Frozen Mouse Theronfort,eu
green Refined Granite Chips Gideonchester,noam
cyan Intelligent Cotton Fish Kuhnburgh,asia
orange Unbranded Cotton Chair Port Tamara,asia
azure Refined Fresh Chips O'Connellside,soam
orchid Unbranded Plastic Fish Wernerchester,asia
grey Rustic Fresh Chair East Amie,soam
turquoise Practical Wooden Towels East Rory,asia
cyan Awesome Steel Bike West Renee,noam
black Ergonomic Plastic Mouse Danialchester,eu
grey Intelligent Frozen Fish Francescoland,asia
white Fantastic Steel Car Heloisechester,soam
yellow Gorgeous Soft Gloves South Pearliemouth,asia
orange Practical Granite Gloves Everetteton,noam
orange Fantastic Steel Ball New Justonbury,aus
white Generic Frozen Table Port Jaeden,aus
orchid Licensed Concrete Gloves West Barneyborough,asia
silver Refined Soft Car Port Wilbert,noam
maroon Rustic Frozen Pants Parisianside,noam
lime Tasty Granite Gloves West Aimee,asia
blue Incredible Cotton Computer South Barrett,aus
purple Practical Wooden Pizza Gislasonbury,eu
turquoise Gorgeous Metal Mouse New Kristoferchester,asia
mint green Fantastic Granite Shirt New Ludwig,asia
gold Ergonomic Concrete Chicken New Adalbertoport,asia
plum Generic Soft Computer Antonestad,eu
silver Small Wooden Fish East Jaquan,soam
silver Practical Concrete Mouse South Ceciliachester,aus
violet Rustic Concrete Fish South Valentinstad,noam
teal Rustic Concrete Gloves Lake Erwin,noam
orchid Refined Plastic Cheese Bahringerfurt,noam
silver Generic Steel Salad Bartellside,aus
tan Ergonomic Granite Hat Rosariofurt,asia
cyan Generic Soft Towels Schmelershire,noam
magenta Small Plastic Shoes Casperburgh,aus
plum Intelligent Concrete Tuna Stoltenbergmouth,eu
grey Generic Rubber Salad Mrazview,soam
fuchsia Generic Fresh Pants North Christelleside,asia
salmon Rustic Cotton Chips Earlinechester,asia
turquoise Fantastic Fresh Chicken Marjorychester,noam
ivory Handcrafted Concrete Tuna Haileybury,asia
grey Intelligent Soft Shirt West Ericahaven,eu
fuchsia Rustic Frozen Sausages North Hectormouth,soam
pink Awesome Fresh Salad West Jairoberg,noam
azure Refined Soft Chips Serenafort,asia
tan Gorgeous Soft Soap Roelhaven,eu
mint green Refined Wooden Chair Towneshire,aus
tan Awesome Cotton Ball West Alena,noam
grey Incredible Wooden Fish Omaview,soam
salmon Fantastic Fresh Bacon Rempelland,asia
orchid Unbranded Wooden Towels North Astrid,aus
green Small Soft Sausages West Ikemouth,eu
gold Licensed Cotton Bike Abernathyland,soam
violet Incredible Steel Ball North Jaycee,aus
lime Fantastic Fresh Table Port Bernardobury,aus
pink Gorgeous Fresh Keyboard Hettingerville,aus
tan Intelligent Steel Fish New Bud,noam
teal Sleek Soft Towels Ritchiebury,noam
yellow Handmade Fresh Bacon Deshawnmouth,noam
green Fantastic Steel Soap West Osbaldohaven,eu
yellow Rustic Soft Sausages South Emilia,aus
pink Intelligent Concrete Bike Hankland,eu
fuchsia Incredible Rubber Salad Pollichchester,eu
orange Handmade Concrete Mouse Abernathystad,asia
orchid Refined Soft Car Kutchmouth,aus
plum Sleek Concrete Tuna Hanshaven,aus
red Fantastic Rubber Gloves South Rebekah,eu
blue Awesome Soft Bacon New Consueloshire,asia
olive Licensed Wooden Chicken Kaleborough,noam
purple Intelligent Cotton Fish Leonorton,asia
green Rustic Granite Hat East Lavern,asia
turquoise Handmade Wooden Tuna Carrollmouth,asia
olive Intelligent Soft Mouse Orinborough,asia
pink Licensed Granite Ball South Lydaview,noam
white Handcrafted Wooden Computer Cummingsmouth,aus
turquoise Intelligent Steel Soap Nelleview,soam
blue Rustic Cotton Fish Daxfort,asia
azure Incredible Metal Chicken Ervinshire,eu
indigo Tasty Cotton Pants Casperberg,asia
tan Fantastic Rubber Computer Lynchmouth,aus
orange Handmade Frozen Pizza New Jacklynfurt,aus
gold Gorgeous Soft Bike Port Laurynland,noam
black Handmade Steel Soap Lake Napoleonmouth,noam
turquoise Ergonomic Steel Bike Lake Jonatanburgh,eu
lavender Licensed Plastic Bike Ebertborough,asia
lavender Tasty Cotton Gloves Toreyton,noam
violet Rustic Metal Ball New Kathleenborough,eu
mint green Practical Fresh Shirt Francoport,aus
gold Sleek Wooden Fish Corwinside,noam
indigo Incredible Cotton Soap New Yasmeenton,noam
mint green Incredible Frozen Chips Brantbury,asia
orange Small Soft Chair Labadieview,noam
maroon Handcrafted Frozen Gloves New Adrianfurt,aus
salmon Ergonomic Frozen Ball North Heath,noam
tan Intelligent Wooden Ball North Sydniton,asia
tan Rustic Rubber Pants Dashawnshire,aus
fuchsia Incredible Plastic Salad West Hazleshire,asia
purple Generic Wooden Car New Mellie,asia
turquoise Generic Soft Gloves North Emiliafort,soam
magenta Handmade Steel Keyboard New Joeychester,asia
turquoise Ergonomic Soft Shoes Lake Makaylatown,eu
purple Practical Concrete Salad Alvertamouth,noam
violet Unbranded Fresh Car Destinyview,eu
orchid Sleek Rubber Salad Lake Lydiastad,asia
green Intelligent Frozen Chicken East Korbin,aus
salmon Fantastic Concrete Shirt Lake Guillermo,eu
blue Generic Soft Tuna Friesenfurt,soam
teal Incredible Steel Pants South Thad,eu
indigo Incredible Cotton Bacon New Yazmintown,soam
black Sleek Steel Bacon Virginieberg,noam
red Licensed Concrete Towels Daughertyburgh,noam
maroon Tasty Fresh Gloves Lake Meggie,noam
lime Incredible Concrete Tuna Schoenhaven,asia
blue Rustic Plastic Hat Myronshire,noam
purple Sleek Concrete Pants Cummeratabury,soam
grey Awesome Soft Towels Sanfordfort,soam
tan Unbranded Frozen Towels Reynoldshaven,eu
grey Handcrafted Frozen Chicken West Josefina,noam
white Tasty Metal Sausages Lorenaberg,asia
lime Practical Frozen Car Myrlberg,asia
lime Incredible Steel Mouse Moenville,aus
blue Practical Plastic Hat North Geoffrey,noam
lime Gorgeous Frozen Car East Tyrese,eu
lime Awesome Concrete Keyboard South Adalinestad,noam
purple Unbranded Plastic Shoes Monahanburgh,asia
maroon Handmade Plastic Car West Fannymouth,noam
blue Handcrafted Frozen Pizza West Asiatown,eu
mint green Intelligent Soft Ball Whitebury,asia
indigo Practical Steel Salad Beierport,noam
lavender Unbranded Granite Car West Bridgetteville,noam
indigo Generic Plastic Gloves Anjalistad,noam
tan Practical Cotton Towels Lake Darryl,noam
magenta Rustic Steel Shirt South Patfurt,soam
fuchsia Intelligent Frozen Fish Abernathychester,noam
gold Rustic Frozen Cheese West Malloryfurt,asia
pink Refined Steel Gloves Haneborough,asia
black Rustic Wooden Shirt Carletonfort,eu
mint green Awesome Frozen Chair Dickiberg,aus
red Intelligent Steel Chips Dickiland,asia
indigo Handmade Plastic Tuna South Wilma,noam
violet Practical Soft Cheese West Myrtle,noam
mint green Small Fresh Tuna South Tomasport,asia
orange Generic Metal Sausages Port Krystina,aus
fuchsia Refined Granite Sausages Port Jarvis,aus
black Handmade Plastic Chips New Trisha,noam
plum Rustic Rubber Chicken Port Ernestside,eu
fuchsia Licensed Granite Ball New Clarissa,eu
silver Gorgeous Steel Ball South Lelahchester,noam
red Ergonomic Cotton Ball Port Toneymouth,soam
turquoise Tasty Cotton Bacon Harmonside,asia
blue Sleek Metal Keyboard South Raymond,asia
gold Fantastic Granite Shoes New Shanieborough,asia
green Intelligent Fresh Bike East Jess,eu
tan Handmade Soft Shoes South Leoraberg,aus
silver Generic Fresh Mouse Port Kaiaberg,noam
purple Intelligent Concrete Pizza South Reyesborough,noam
blue Sleek Cotton Towels Tobyside,asia
ivory Fantastic Concrete Soap Leonardoberg,aus
white Generic Cotton Pants Port Fionamouth,asia
magenta Handcrafted Rubber Sausages Smithamside,aus
tan Intelligent Metal Chair Betsyville,aus
maroon Fantastic Granite Keyboard Walkerstad,eu
orange Practical Rubber Mouse South Giovanniside,asia
red Handcrafted Plastic Chicken Port Vanessa,aus
plum Awesome Plastic Salad West Cheyanneburgh,soam
red Refined Granite Cheese Hadleyborough,noam
tan Licensed Concrete Sausages Port Ryley,asia
orchid Handcrafted Rubber Keyboard Aufderharmouth,eu
grey Rustic Fresh Table South Aminaport,asia
olive Ergonomic Steel Sausages Lake Albaville,asia
mint green Fantastic Metal Tuna Lenoraborough,noam
red Practical Frozen Mouse South Santinachester,aus
teal Sleek Soft Bike Kurtisborough,eu
green Awesome Cotton Hat New Horacio,noam
mint green Handmade Cotton Table South Winnifredview,aus
magenta Ergonomic Wooden Chicken North Salvatoreport,noam
silver Tasty Concrete Table Lilianaview,asia
fuchsia Incredible Plastic Mouse Bashirianfort,noam
lavender Refined Frozen Cheese New Demarco,asia
red Intelligent Soft Bike New Kathlynshire,asia
red Ergonomic Wooden Cheese Lake Malindaburgh,asia
olive Intelligent Soft Cheese Lake Oren,noam
indigo Ergonomic Frozen Chicken Bashirianshire,eu
blue Small Metal Soap West Greggview,aus
teal Ergonomic Fresh Car Port Eulah,aus
red Fantastic Plastic Cheese Titofort,eu
ivory Generic Frozen Hat North Gaetanoside,noam
violet Unbranded Fresh Soap Luettgenhaven,asia
purple Handmade Steel Towels Lebsackfort,asia
grey Handcrafted Soft Chicken Bonniestad,eu
mint green Small Fresh Pizza Elainaberg,asia
azure Rustic Fresh Fish Brandynshire,eu
blue Rustic Concrete Sausages East Tiffany,aus
green Ergonomic Granite Keyboard East Nikko,noam
silver Generic Concrete Keyboard Clementfort,asia
turquoise Intelligent Fresh Sausages Casperchester,asia
orchid Ergonomic Rubber Cheese Romagueraland,aus
maroon Handmade Plastic Tuna North Ola,aus
blue Rustic Cotton Shirt West Trey,eu
plum Ergonomic Cotton Bike South Michelville,aus
silver Ergonomic Plastic Chips Hoegermouth,noam
turquoise Gorgeous Rubber Keyboard Jacobsburgh,aus
orchid Fantastic Rubber Keyboard East Ottiliestad,asia
sky blue Sleek Frozen Tuna Lake Cecile,soam
olive Handcrafted Rubber Pizza North Alethafurt,asia
salmon Practical Cotton Mouse Lake Ashleemouth,aus
tan Handmade Wooden Keyboard Ottilieside,asia
blue Tasty Cotton Towels Monahanland,asia
lime Intelligent Fresh Chips Robelburgh,asia
lime Licensed Cotton Table Kilbackshire,noam
grey Tasty Plastic Chips North Ethel,noam
lavender Practical Fresh Ball Port Morris,noam
white Tasty Wooden Fish New Roxane,aus
orange Awesome Concrete Chair Port Alvah,aus
turquoise Small Soft Bacon Brodymouth,noam
lime Fantastic Wooden Salad Hirthestad,eu
lavender Practical Fresh Sausages Runteland,eu
grey Handcrafted Wooden Pants Macshire,asia
lavender Handcrafted Cotton Gloves North Janiya,asia
lavender Licensed Frozen Bacon Port Ryleehaven,noam
orchid Sleek Fresh Gloves New Andre,noam
lime Generic Soft Salad East Jocelyn,aus
cyan Awesome Granite Sausages Port Adolph,aus
azure Tasty Cotton Car Lake Abbyburgh,aus
orchid Intelligent Concrete Gloves Stiedemannstad,asia
black Licensed Frozen Bacon Bartolettiborough,soam
azure Unbranded Concrete Shoes Greenfelderhaven,asia
plum Awesome Concrete Hat Terrillberg,asia
fuchsia Intelligent Fresh Chips Hilllville,soam
green Generic Fresh Chicken West Deshawn,asia
azure Gorgeous Granite Keyboard Columbusbury,noam
blue Generic Metal Gloves Haleymouth,eu
turquoise Incredible Cotton Shoes West Ottischester,noam
red Gorgeous Cotton Bacon Powlowskiland,aus
plum Practical Cotton Chicken North Caramouth,aus
silver Gorgeous Frozen Bacon Lake Denis,asia
red Small Concrete Gloves South Marlen,noam
cyan Generic Cotton Towels Ericmouth,asia
orchid Intelligent Plastic Chicken Caleighmouth,eu
violet Fantastic Frozen Tuna Schmittside,asia
ivory Gorgeous Soft Soap East Abeville,aus
olive Rustic Plastic Pizza New Andreane,asia
mint green Incredible Soft Towels Lilyanberg,noam
black Awesome Concrete Soap Schillerside,asia
cyan Ergonomic Cotton Car South Brendaborough,aus
white Incredible Granite Shoes Quigleyburgh,aus
lime Tasty Frozen Keyboard Langoshfort,asia
black Sleek Frozen Shirt Baileyborough,aus
orchid Ergonomic Soft Soap Abshireview,noam
black Fantastic Wooden Bacon Rohanport,aus
magenta Handmade Wooden Keyboard Parisianchester,aus
silver Licensed Rubber Keyboard Jamisonville,aus
cyan Small Fresh Bike Budchester,asia
teal Refined Granite Chicken Elbertport,aus
turquoise Handmade Rubber Towels Torphymouth,noam
black Intelligent Concrete Table Port Garrison,asia
yellow Fantastic Frozen Tuna Port Kaseystad,aus
orchid Intelligent Rubber Table Greenholtville,aus
lavender Ergonomic Metal Bike Lake Mellie,noam
gold Gorgeous Steel Salad North Johnathanton,soam
orange Handmade Soft Shirt South Kellie,soam
orchid Licensed Wooden Pizza East Maximilianburgh,asia
indigo Ergonomic Wooden Computer North Toy,eu
grey Generic Granite Shoes Dickinsonmouth,aus
pink Intelligent Cotton Towels Lednermouth,soam
silver Sleek Fresh Bacon East Kevon,eu
maroon Gorgeous Soft Bacon Dariomouth,aus
blue Intelligent Steel Bacon Kautzershire,aus
purple Sleek Metal Cheese Lake Vadachester,eu
orchid Fantastic Concrete Shoes Beckershire,aus
sky blue Licensed Concrete Salad North Jaidenstad,eu
orange Unbranded Steel Bacon South Bernadineburgh,asia
silver Sleek Fresh Cheese Alexandriafurt,aus
fuchsia Refined Steel Shirt New Mauricio,noam
blue Generic Metal Chair Strosinfurt,eu
salmon Intelligent Concrete Chair East Pedrochester,asia
silver Intelligent Soft Shoes Antonettastad,eu
violet Fantastic Soft Computer Alecborough,soam
salmon Unbranded Steel Chips Kathrynmouth,soam
teal Small Frozen Sausages North Coraliemouth,asia
maroon Small Metal Hat Keelingport,eu
grey Fantastic Soft Pizza North Josiahburgh,aus
yellow Practical Soft Computer South Viviannefort,eu
orange Tasty Soft Soap Estebanside,noam
orchid Unbranded Fresh Computer Margueriteton,noam
indigo Gorgeous Frozen Tuna North Maude,soam
white Unbranded Wooden Pants North Dolores,soam
magenta Handcrafted Granite Salad West Sedricktown,asia
lavender Sleek Cotton Shirt West Osborneside,aus
violet Fantastic Metal Gloves Vonton,asia
fuchsia Licensed Wooden Ball East Salma,aus
mint green Handcrafted Metal Chicken South Caleighberg,soam
gold Ergonomic Cotton Cheese East Jessikatown,asia
fuchsia Small Metal Bacon Aylinville,asia
pink Tasty Cotton Salad Herbertfurt,eu
green Gorgeous Wooden Shirt East Eulahfurt,eu
fuchsia Rustic Steel Computer Maggiotown,eu
orange Gorgeous Plastic Shoes West Alaynafurt,aus
pink Refined Rubber Keyboard Altenwerthchester,asia
purple Refined Wooden Soap East Destinymouth,aus
plum Intelligent Concrete Chips South Montybury,asia
teal Rustic Soft Bike Port Ryder,aus
tan Sleek Rubber Chicken North Vena,eu
magenta Sleek Rubber Mouse West Lilianeside,soam
maroon Sleek Rubber Fish East Susanaton,eu
maroon Tasty Concrete Table North Delphine,asia
tan Unbranded Wooden Cheese Sadyefort,soam
orange Small Fresh Shoes Barrowsland,noam
maroon Tasty Steel Salad Geraldborough,eu
mint green Intelligent Plastic Shoes Port Kaiaville,aus
lavender Rustic Rubber Mouse Daytonburgh,asia
yellow Awesome Wooden Shirt Ziemehaven,asia
plum Intelligent Granite Pants New Dewittchester,aus
cyan Awesome Frozen Shirt Lake Broderickview,soam
teal Generic Steel Cheese Port Jamar,noam
fuchsia Rustic Wooden Hat South Paolo,noam
red Handmade Granite Keyboard South Jazmin,asia
ivory Handcrafted Concrete Pants Lake Retafort,noam
silver Incredible Wooden Pants New Garrettville,noam
white Sleek Wooden Chicken Gerlachmouth,eu
mint green Rustic Frozen Pants Schultzside,asia
maroon Intelligent Steel Table Vickyview,eu
red Gorgeous Plastic Salad Greenfelderside,eu
grey Intelligent Wooden Tuna South Madeline,noam
turquoise Sleek Rubber Hat West Erichland,noam
purple Awesome Cotton Keyboard Abbottberg,aus
silver Unbranded Wooden Chair VonRuedenberg,aus
cyan Intelligent Frozen Pizza North Claudia,eu
silver Sleek Rubber Hat Lake Nedramouth,eu
lime Fantastic Steel Keyboard West Rebeka,asia
mint green Licensed Frozen Shirt Kayleechester,aus
maroon Handmade Frozen Towels Aniyahview,eu
silver Gorgeous Frozen Chicken New Gaylord,eu
plum Intelligent Rubber Gloves Lake Maidafurt,asia
plum Tasty Metal Pants East Geovanny,soam
ivory Intelligent Soft Chips Chadtown,noam
indigo Awesome Rubber Soap North Hector,eu
gold Generic Steel Soap Kobetown,asia
white Incredible Concrete Keyboard New Jerodtown,eu
red Handmade Cotton Pants North Antonettaville,asia
lime Tasty Granite Salad East Marcelle,noam
mint green Tasty Concrete Bike Chaunceymouth,asia
lavender Practical Fresh Pants South Bernhardton,noam
mint green Practical Frozen Towels Bednarfort,asia
cyan Fantastic Metal Keyboard West Mae,eu
silver Handcrafted Fresh Gloves Port Margaretta,soam
olive Unbranded Plastic Bike Port Amaraville,aus
orchid Intelligent Concrete Tuna Louton,asia
gold Sleek Plastic Towels New Jazmynefort,asia
silver Handmade Rubber Bike Breannemouth,eu
purple Incredible Cotton Gloves Faustotown,noam
maroon Unbranded Plastic Chicken Lake Sincere,noam
violet Tasty Concrete Keyboard Alejandraborough,asia
salmon Sleek Fresh Salad New Jacquelyn,eu
violet Handmade Metal Soap Adelahaven,asia
cyan Tasty Steel Fish Hesselshire,eu
fuchsia Handmade Steel Chair Flatleyland,asia
pink Practical Granite Gloves Kossmouth,noam
maroon Sleek Plastic Sausages South Amos,aus
maroon Awesome Cotton Ball Guillermoburgh,asia
cyan Intelligent Metal Mouse Matildaport,asia
azure Refined Concrete Cheese Port Janeside,noam
mint green Refined Granite Pants Lake Retafort,aus
indigo Practical Frozen Bacon West Velda,noam
yellow Practical Soft Bike Lake Edashire,eu
yellow Small Granite Shirt Jimmyton,eu
indigo Gorgeous Rubber Chair New Zane,asia
sky blue Rustic Wooden Keyboard Viviantown,noam
green Fantastic Cotton Chicken Rupertside,asia
fuchsia Tasty Soft Hat Port Nestorport,noam
green Small Cotton Pizza South Cleveland,eu
blue Tasty Wooden Table East Delilahland,eu
turquoise Intelligent Cotton Hat New Montana,aus
mint green Handcrafted Fresh Table East Fredrick,noam
indigo Licensed Fresh Keyboard Wuckertfurt,soam
indigo Unbranded Granite Chair Botsfordland,eu
orchid Practical Concrete Bike East Wilford,noam
grey Fantastic Fresh Bacon Lake Arielhaven,noam
indigo Intelligent Cotton Bike Armandomouth,aus
black Handmade Rubber Keyboard North Urbantown,soam
orange Unbranded Concrete Gloves Frederikton,asia
ivory Rustic Concrete Pizza Port Ava,soam
violet Ergonomic Frozen Bacon Mattborough,asia
pink Handcrafted Wooden Shoes Jarodstad,asia
ivory Ergonomic Cotton Soap South Frances,aus
black Handmade Frozen Gloves MacGyverberg,eu
tan Fantastic Rubber Shirt North Clarissa,aus
tan Rustic Steel Chicken South Shakira,asia
ivory Awesome Steel Sausages Danteville,noam
salmon Unbranded Plastic Table Port Eulaport,eu
azure Small Cotton Car Lake Pearl,soam
plum Handmade Wooden Pants Lake Valliemouth,aus
silver Tasty Metal Sausages Kerlukestad,aus
plum Handmade Cotton Car West Betsy,aus
cyan Practical Rubber Chips East Theresia,eu
mint green Fantastic Steel Soap New Tarynburgh,asia
plum Refined Plastic Shirt Schowalterchester,noam
salmon Tasty Steel Towels Port Carlieland,soam
salmon Ergonomic Granite Shoes Andersonbury,noam
violet Tasty Wooden Pizza South Daleborough,noam
azure Licensed Concrete Tuna North Dean,noam
black Tasty Concrete Computer West Justus,asia
olive Tasty Steel Ball North Leiffurt,eu
mint green Ergonomic Metal Fish West Cruzbury,aus
teal Licensed Metal Tuna Trevionchester,eu
magenta Awesome Rubber Sausages Bernieport,eu
red Sleek Soft Ball Abbyside,soam
orchid Gorgeous Soft Gloves West Elise,aus
yellow Handcrafted Wooden Sausages Lake Flavioview,asia
turquoise Refined Wooden Shoes New Kendraview,asia
indigo Sleek Frozen Pizza Port Jaylan,eu
green Intelligent Rubber Chips West Erling,asia
ivory Awesome Steel Gloves New Reubenshire,noam
orchid Practical Plastic Shoes Schadenstad,noam
blue Ergonomic Cotton Soap Haroldton,noam
fuchsia Tasty Frozen Computer East Alejandraville,asia
grey Practical Granite Chair North Margarette,aus
mint green Unbranded Steel Bike West Alex,noam
lime Small Steel Chair Clarabellefort,asia
cyan Generic Fresh Pants West Alfredoborough,noam
azure Fantastic Concrete Cheese Uptonmouth,soam
silver Refined Concrete Table Port Keelyborough,asia
sky blue Awesome Concrete Bike Reillyside,noam
cyan Generic Fresh Bike Brandyside,asia
indigo Practical Soft Bike East Madysonshire,noam
gold Rustic Granite Chair Priceside,noam
red Refined Cotton Tuna New Earleneburgh,asia
green Awesome Cotton Salad New Emile,eu
tan Awesome Steel Chips East Elseville,aus
tan Sleek Concrete Shoes Antoinetteside,noam
cyan Handmade Plastic Computer East Leatown,soam
ivory Practical Wooden Sausages East Laurie,eu
purple Rustic Soft Shirt North Dorothyburgh,soam
azure Practical Granite Sausages East Leatha,asia
maroon Sleek Fresh Chicken Treutelville,noam
violet Sleek Granite Fish Zoieborough,eu
red Tasty Frozen Pants East Emmalee,asia
fuchsia Sleek Steel Pizza Cassieshire,aus
sky blue Awesome Plastic Keyboard Lake Alfred,noam
fuchsia Licensed Plastic Shoes Quitzonport,eu
purple Practical Soft Bacon Jeffside,asia
maroon Fantastic Wooden Shirt Marvinberg,noam
olive Sleek Frozen Bike South Janae,noam
lime Handmade Granite Shoes New Wilsonfort,asia
maroon Rustic Frozen Soap Swiftborough,asia
ivory Fantastic Wooden Ball Sincereview,aus
indigo Incredible Granite Cheese Lake Aliza,aus
orchid Intelligent Soft Tuna Melvinaland,noam
blue Incredible Plastic Ball New Marquis,noam
green Ergonomic Wooden Bike South Hellen,noam
lavender Licensed Fresh Chair North Rosariofurt,noam
indigo Tasty Cotton Car Abbieshire,soam
gold Incredible Cotton Bacon South Archfort,noam
red Tasty Wooden Shoes South Johnathanburgh,aus
yellow Handmade Rubber Soap North Jackhaven,asia
gold Tasty Steel Soap Lake Orinbury,eu
mint green Handcrafted Cotton Tuna Lake Ninafort,asia
silver Ergonomic Metal Chicken New Ebba,eu
green Incredible Cotton Tuna Lake Tabitha,noam
plum Rustic Concrete Chicken Port Creolashire,asia
grey Handmade Cotton Computer Lake Kristin,asia
fuchsia Handcrafted Steel Fish South Elenoraside,noam
sky blue Tasty Frozen Keyboard Balistreriport,aus
cyan Licensed Cotton Ball New Frederic,noam
ivory Unbranded Granite Salad Hilpertburgh,soam
red Unbranded Steel Chair Tanyaville,soam
salmon Small Frozen Computer Kaliside,aus
ivory Handcrafted Plastic Bike Santaville,asia
azure Handcrafted Cotton Shoes East Ethyl,noam
olive Unbranded Plastic Soap Eudoramouth,eu
red Unbranded Cotton Soap South Devonteborough,asia
lime Gorgeous Metal Computer Kaitlinbury,noam
magenta Licensed Rubber Salad Prosaccotown,eu
cyan Handmade Granite Bacon North Marcelle,aus
mint green Ergonomic Granite Ball West Savannahton,soam
turquoise Ergonomic Fresh Mouse Kovacekfort,aus
cyan Small Steel Chair New Darenton,asia
cyan Intelligent Frozen Salad Sabrynaburgh,aus
tan Ergonomic Wooden Tuna Ettiemouth,eu
fuchsia Small Fresh Towels New Roscoetown,aus
azure Generic Rubber Car West Santos,soam
magenta Practical Frozen Pizza Tracestad,asia
mint green Generic Rubber Chicken North Zoe,noam
orchid Small Soft Tuna Keeblerland,asia
blue Ergonomic Rubber Computer Nienowside,asia
white Fantastic Rubber Shirt Anaisside,noam
grey Generic Soft Chicken West Magdalen,eu
turquoise Handmade Plastic Pants Hermantown,asia
yellow Generic Plastic Bacon Mathiaschester,asia
black Tasty Cotton Chair West Kaitlin,eu
fuchsia Incredible Frozen Bike Rolfsonhaven,noam
cyan Awesome Granite Salad Haagshire,soam
magenta Gorgeous Metal Chair Mylesmouth,aus
plum Tasty Cotton Pants Icieton,noam
tan Tasty Concrete Fish West Emanuelland,noam
ivory Licensed Cotton Chicken Mckaylaview,aus
cyan Ergonomic Concrete Chips Port Josue,aus
maroon Fantastic Fresh Sausages West Taliaville,noam
white Sleek Fresh Car Stromanstad,aus
black Licensed Wooden Bacon Vaughnshire,soam
cyan Handcrafted Frozen Sausages Rodriguezland,asia
red Unbranded Metal Soap New Anibalmouth,soam
white Gorgeous Fresh Chicken West Lavernestad,asia
orchid Practical Cotton Soap Port Xzavier,aus
silver Practical Granite Mouse North Leilani,asia
white Fantastic Wooden Keyboard Ruthton,eu
gold Small Steel Keyboard Aidenshire,soam
tan Unbranded Granite Ball South Caterinaville,aus
salmon Generic Concrete Cheese North Shainamouth,asia
green Unbranded Cotton Computer Tracyview,asia
olive Handmade Wooden Shirt Spencerview,soam
indigo Refined Concrete Chair Arelyfort,noam
fuchsia Intelligent Metal Chair Lake Retta,aus
plum Unbranded Plastic Keyboard East Madisyn,noam
grey Handmade Concrete Pants Diannahaven,asia
tan Fantastic Rubber Tuna South Abigale,aus
black Rustic Steel Chicken Americamouth,asia
red Handmade Granite Chair Jaskolskistad,aus
purple Practical Wooden Pants North Josefaborough,eu
ivory Refined Soft Computer Jeraldton,asia
lime Ergonomic Wooden Fish Earnestberg,noam
red Ergonomic Frozen Mouse Hegmannfort,eu
pink Tasty Soft Salad Stokesstad,asia
white Incredible Concrete Shirt West Donatofort,aus
purple Rustic Wooden Pants East Magdalenaville,noam
blue Incredible Fresh Fish Port Selina,asia
magenta Handmade Frozen Towels Abrahamland,noam
tan Refined Soft Chips Florinestad,noam
magenta Intelligent Concrete Fish Andersonburgh,asia
salmon Gorgeous Cotton Gloves Beerbury,asia
purple Rustic Concrete Bike Port Herthabury,soam
violet Awesome Cotton Shirt Tanyastad,noam
gold Awesome Concrete Fish Durganton,aus
maroon Intelligent Wooden Mouse New Earlfurt,soam
olive Handcrafted Fresh Pizza Faheytown,asia
mint green Handmade Fresh Tuna North Laury,noam
magenta Gorgeous Rubber Bike Lake Brant,aus
olive Small Frozen Chips Vanborough,noam
grey Unbranded Cotton Pizza Murazikmouth,noam
blue Generic Granite Shoes Percytown,eu
azure Handmade Metal Fish Fritzborough,noam
tan Practical Soft Keyboard West Derekshire,asia
sky blue Unbranded Granite Ball Edaside,asia
fuchsia Licensed Fresh Fish South Morton,asia
olive Ergonomic Wooden Bike Camronview,aus
green Practical Fresh Chips New Elwinbury,eu
grey Handcrafted Metal Salad Kohlerville,aus
pink Small Concrete Computer Port Halle,asia
violet Gorgeous Metal Salad Lake Goldafort,noam
fuchsia Incredible Wooden Shirt Port Jeramyville,eu
blue Sleek Fresh Soap Francescomouth,noam
indigo Intelligent Granite Salad Reillyshire,eu
ivory Rustic Frozen Salad South Lucasmouth,eu
grey Sleek Wooden Towels West Madysonfurt,eu
purple Intelligent Plastic Sausages North Maverickhaven,asia
maroon Intelligent Steel Bacon Hildafort,eu
orange Gorgeous Concrete Chair Port Myron,noam
ivory Tasty Metal Pants Dietrichmouth,soam
ivory Fantastic Granite Computer West Markusville,asia
gold Tasty Metal Pants Catherineport,asia
grey Intelligent Soft Soap Gideonmouth,aus
maroon Tasty Metal Chair Port Daynabury,aus
lime Licensed Granite Bacon Rachellefort,aus
black Gorgeous Granite Pants South Maeganshire,eu
salmon Incredible Rubber Chips Port Elouise,soam
turquoise Rustic Rubber Car Monahanton,asia
azure Sleek Wooden Table Jacobsbury,aus
green Refined Fresh Chicken Port Phyllis,noam
teal Generic Granite Bike Runolfsdottirstad,aus
teal Sleek Soft Bike Elliottburgh,eu
silver Generic Wooden Shoes East Blake,asia
blue Incredible Wooden Cheese Port Luna,aus
turquoise Tasty Frozen Computer North Thad,soam
salmon Tasty Soft Gloves Port Eileen,asia
white Handcrafted Granite Bacon Colechester,noam
azure Gorgeous Soft Tuna Edenside,asia
salmon Generic Wooden Ball Harriston,asia
silver Gorgeous Wooden Chair West Destinmouth,asia
lime Fantastic Concrete Bacon Kuhnstad,aus
gold Sleek Frozen Mouse South Delaneyville,eu
tan Sleek Concrete Bacon Port Zachary,soam
yellow Generic Wooden Keyboard Kenside,noam
red Handmade Granite Pants West Jessicaton,noam
purple Fantastic Wooden Towels Hintzview,asia
teal Licensed Frozen Cheese Busterview,soam
tan Gorgeous Cotton Hat Metzfort,aus
magenta Practical Fresh Mouse Aglaebury,eu
orchid Handmade Plastic Bacon Doylemouth,eu
azure Awesome Granite Keyboard Altenwerthtown,eu
azure Licensed Concrete Fish East Naomiemouth,noam
fuchsia Licensed Rubber Chips West Felicia,noam
olive Generic Fresh Tuna Mustafaborough,soam
magenta Ergonomic Plastic Ball South Meghanton,noam
orange Ergonomic Granite Pants South Pollytown,noam
cyan Gorgeous Rubber Hat North Vivian,aus
olive Rustic Metal Table West Claudie,noam
gold Licensed Soft Bacon Port Patrick,asia
turquoise Practical Plastic Mouse Port Aaronmouth,asia
salmon Refined Soft Gloves Laruetown,asia
green Fantastic Rubber Computer Brandtton,aus
fuchsia Rustic Fresh Pizza Sallieberg,asia
fuchsia Sleek Metal Ball Beckerburgh,asia
plum Unbranded Steel Gloves North Bianka,asia
maroon Fantastic Concrete Car Port Trudie,asia
fuchsia Tasty Wooden Shoes Demetriushaven,eu
cyan Intelligent Soft Chair Leuschkeport,soam
grey Awesome Concrete Chips South Mose,aus
maroon Practical Soft Keyboard Heidenreichhaven,noam
ivory Fantastic Plastic Towels South Tony,asia
silver Licensed Fresh Pizza Lefflerport,aus
salmon Small Soft Bike Port Tabitha,noam
green Practical Cotton Gloves Bergstromview,noam
tan Ergonomic Frozen Pizza West Ashleighshire,eu
tan Incredible Rubber Shirt Lake Ellsworthshire,aus
sky blue Rustic Concrete Cheese Port Loyal,asia
orchid Ergonomic Concrete Chips East Rosendo,eu
grey Practical Concrete Computer South Ethan,eu
blue Refined Fresh Mouse West Herminioville,aus
teal Refined Granite Computer East Jazmyne,noam
tan Fantastic Wooden Table Bogisichport,asia
maroon Fantastic Steel Gloves South Bessie,soam
ivory Gorgeous Frozen Table New Madeline,aus
mint green Generic Fresh Fish Tryciamouth,eu
olive Incredible Soft Chips Meaghanfort,aus
mint green Ergonomic Frozen Chicken Lake Ciara,aus
silver Refined Concrete Pants New Maybell,noam
lime Incredible Steel Table South Liaport,eu
teal Ergonomic Concrete Table Lemkeshire,noam
white Incredible Rubber Bike North Lucasview,asia
green Rustic Metal Bike Stoneberg,aus
silver Ergonomic Soft Towels Kimberlyburgh,eu
maroon Handcrafted Frozen Hat Kingmouth,aus
cyan Incredible Wooden Table North Jammiemouth,aus
olive Refined Fresh Chicken Scotside,noam
black Small Frozen Pants Jonview,soam
grey Intelligent Fresh Fish North Valentine,noam
black Small Wooden Gloves Wiegandville,asia
lime Small Cotton Chair Krajcikport,asia
blue Handcrafted Wooden Car Janessaside,noam
yellow Small Granite Keyboard Koeppport,noam
grey Unbranded Metal Bacon Okunevabury,eu
purple Handmade Concrete Towels Petratown,asia
magenta Sleek Steel Table South Frankland,noam
tan Intelligent Cotton Bike East Carmelside,noam
tan Awesome Cotton Chicken Ferryton,asia
cyan Ergonomic Steel Computer North Deja,noam
lavender Rustic Granite Bacon Citlallibury,asia
pink Awesome Soft Soap Nitzscheburgh,noam
black Practical Steel Chicken South Jacey,noam
lime Incredible Cotton Mouse Thielfort,aus
gold Refined Metal Mouse Kuhnland,aus
indigo Practical Soft Car Port Alan,eu
sky blue Rustic Frozen Bacon West Esperanza,eu
sky blue Small Frozen Sausages Cassintown,noam
violet Unbranded Fresh Chicken North Shirleyville,asia
teal Intelligent Wooden Chicken Schroederfort,asia
indigo Incredible Soft Ball Jessyport,eu
silver Handcrafted Metal Hat East Jerrybury,asia
tan Incredible Rubber Chicken Bellefort,soam
fuchsia Small Soft Bike Gorczanyport,noam
orange Incredible Granite Bike Santinoside,asia
lime Unbranded Soft Chair New Hiltonside,asia
magenta Ergonomic Metal Car Klingbury,aus
indigo Awesome Concrete Ball Lake Jacyntheville,asia
orange Generic Steel Chair Walkerside,asia
black Fantastic Fresh Ball South Lauretta,eu
yellow Intelligent Granite Chips Denesikbury,eu
red Licensed Granite Soap Quintontown,asia
salmon Licensed Frozen Chicken West Ruthemouth,aus
lime Practical Rubber Soap East Ethelynburgh,aus
fuchsia Unbranded Granite Chicken Mauricioberg,noam
yellow Unbranded Concrete Fish Lake Katelinfort,noam
plum Fantastic Cotton Bike South Eloyfurt,noam
violet Gorgeous Granite Pizza Kuhicside,noam
plum Refined Frozen Tuna Lyricview,noam
maroon Incredible Soft Tuna Nigelbury,eu
turquoise Tasty Cotton Towels New Claudiemouth,noam
orchid Unbranded Cotton Salad East Marcellastad,eu
magenta Fantastic Rubber Chips Kunzestad,noam
olive Handmade Frozen Keyboard Alexandrineton,asia
salmon Small Wooden Fish East Cielomouth,asia
