name,avatar
Yessenia89,https://s3.amazonaws.com/uifaces/faces/twitter/namankreative/128.jpg
Brett75,https://s3.amazonaws.com/uifaces/faces/twitter/airskylar/128.jpg
Jada_Jenkins,https://s3.amazonaws.com/uifaces/faces/twitter/allfordesign/128.jpg
Charley99,https://s3.amazonaws.com/uifaces/faces/twitter/namankreative/128.jpg
Maurine33,https://s3.amazonaws.com/uifaces/faces/twitter/aislinnkelly/128.jpg
Shanny.Mante,https://s3.amazonaws.com/uifaces/faces/twitter/magoo04/128.jpg
Destiny.Roberts,https://s3.amazonaws.com/uifaces/faces/twitter/diesellaws/128.jpg
Gino10,https://s3.amazonaws.com/uifaces/faces/twitter/vovkasolovev/128.jpg
Muriel.Bahringer,https://s3.amazonaws.com/uifaces/faces/twitter/zackeeler/128.jpg
Joesph7,https://s3.amazonaws.com/uifaces/faces/twitter/fiterik/128.jpg
Boyd_Ruecker62,https://s3.amazonaws.com/uifaces/faces/twitter/dzantievm/128.jpg
Demetris_Breitenberg,https://s3.amazonaws.com/uifaces/faces/twitter/logorado/128.jpg
Kole.Bergstrom70,https://s3.amazonaws.com/uifaces/faces/twitter/_shahedk/128.jpg
Cheyenne_Abshire1,https://s3.amazonaws.com/uifaces/faces/twitter/zauerkraut/128.jpg
Markus57,https://s3.amazonaws.com/uifaces/faces/twitter/maximsorokin/128.jpg
Ford41,https://s3.amazonaws.com/uifaces/faces/twitter/ifarafonow/128.jpg
Laurie88,https://s3.amazonaws.com/uifaces/faces/twitter/rmlewisuk/128.jpg
Freeman_Smith85,https://s3.amazonaws.com/uifaces/faces/twitter/samscouto/128.jpg
Rafael_Crooks52,https://s3.amazonaws.com/uifaces/faces/twitter/roxanejammet/128.jpg
Louisa55,https://s3.amazonaws.com/uifaces/faces/twitter/lawlbwoy/128.jpg
Dustin6,https://s3.amazonaws.com/uifaces/faces/twitter/russoedu/128.jpg
Jerod42,https://s3.amazonaws.com/uifaces/faces/twitter/victorquinn/128.jpg
Cecilia_Lubowitz10,https://s3.amazonaws.com/uifaces/faces/twitter/_ragzor/128.jpg
Lucile_Wehner,https://s3.amazonaws.com/uifaces/faces/twitter/arkokoley/128.jpg
Cody_Volkman,https://s3.amazonaws.com/uifaces/faces/twitter/r_garcia/128.jpg
Sabrina6,https://s3.amazonaws.com/uifaces/faces/twitter/elbuscainfo/128.jpg
Georgette85,https://s3.amazonaws.com/uifaces/faces/twitter/joemdesign/128.jpg
Loraine30,https://s3.amazonaws.com/uifaces/faces/twitter/alessandroribe/128.jpg
Chaz3,https://s3.amazonaws.com/uifaces/faces/twitter/sokaniwaal/128.jpg
Mary.Wintheiser,https://s3.amazonaws.com/uifaces/faces/twitter/sawrb/128.jpg
Micheal.Turcotte15,https://s3.amazonaws.com/uifaces/faces/twitter/bartjo/128.jpg
Kariane.Huels,https://s3.amazonaws.com/uifaces/faces/twitter/jehnglynn/128.jpg
Hollis.Connelly,https://s3.amazonaws.com/uifaces/faces/twitter/nsamoylov/128.jpg
Fidel_Conroy,https://s3.amazonaws.com/uifaces/faces/twitter/ariil/128.jpg
Novella_Baumbach57,https://s3.amazonaws.com/uifaces/faces/twitter/caseycavanagh/128.jpg
Reynold34,https://s3.amazonaws.com/uifaces/faces/twitter/nfedoroff/128.jpg
Isabel5,https://s3.amazonaws.com/uifaces/faces/twitter/sulaqo/128.jpg
Colin8,https://s3.amazonaws.com/uifaces/faces/twitter/devinhalladay/128.jpg
Braden.Heller48,https://s3.amazonaws.com/uifaces/faces/twitter/dansowter/128.jpg
Elinor6,https://s3.amazonaws.com/uifaces/faces/twitter/supervova/128.jpg
Antonina_Heaney,https://s3.amazonaws.com/uifaces/faces/twitter/flexrs/128.jpg
Reyna_Gutkowski21,https://s3.amazonaws.com/uifaces/faces/twitter/SlaapMe/128.jpg
Rozella_Kris41,https://s3.amazonaws.com/uifaces/faces/twitter/BroumiYoussef/128.jpg
Jaycee_Hermiston43,https://s3.amazonaws.com/uifaces/faces/twitter/gojeanyn/128.jpg
Craig_Dare65,https://s3.amazonaws.com/uifaces/faces/twitter/buleswapnil/128.jpg
Deshaun_Bergstrom13,https://s3.amazonaws.com/uifaces/faces/twitter/johnriordan/128.jpg
Wilber.Mante,https://s3.amazonaws.com/uifaces/faces/twitter/ciaranr/128.jpg
Ali6,https://s3.amazonaws.com/uifaces/faces/twitter/jeremymouton/128.jpg
Mohammad38,https://s3.amazonaws.com/uifaces/faces/twitter/fronx/128.jpg
Shawna_Satterfield11,https://s3.amazonaws.com/uifaces/faces/twitter/bpartridge/128.jpg
Velda.Beier,https://s3.amazonaws.com/uifaces/faces/twitter/bruno_mart/128.jpg
Tressa_McKenzie,https://s3.amazonaws.com/uifaces/faces/twitter/enjoythetau/128.jpg
Carlee.Kuvalis99,https://s3.amazonaws.com/uifaces/faces/twitter/ponchomendivil/128.jpg
Joany.Marks24,https://s3.amazonaws.com/uifaces/faces/twitter/shinze/128.jpg
Forest.Kshlerin,https://s3.amazonaws.com/uifaces/faces/twitter/kucingbelang4/128.jpg
Mona71,https://s3.amazonaws.com/uifaces/faces/twitter/juaumlol/128.jpg
Keshaun.Kemmer46,https://s3.amazonaws.com/uifaces/faces/twitter/leeiio/128.jpg
Marcus_Conroy,https://s3.amazonaws.com/uifaces/faces/twitter/carlosgavina/128.jpg
Reyes89,https://s3.amazonaws.com/uifaces/faces/twitter/gizmeedevil1991/128.jpg
Paul21,https://s3.amazonaws.com/uifaces/faces/twitter/jagan123/128.jpg
Theresia.Abshire,https://s3.amazonaws.com/uifaces/faces/twitter/imomenui/128.jpg
Anibal92,https://s3.amazonaws.com/uifaces/faces/twitter/sainraja/128.jpg
Rosina.Hudson55,https://s3.amazonaws.com/uifaces/faces/twitter/emsgulam/128.jpg
Abraham0,https://s3.amazonaws.com/uifaces/faces/twitter/oaktreemedia/128.jpg
Weldon81,https://s3.amazonaws.com/uifaces/faces/twitter/michalhron/128.jpg
Amalia.Kessler7,https://s3.amazonaws.com/uifaces/faces/twitter/pierrestoffe/128.jpg
Keith_Purdy,https://s3.amazonaws.com/uifaces/faces/twitter/sdidonato/128.jpg
Stan26,https://s3.amazonaws.com/uifaces/faces/twitter/dcalonaci/128.jpg
Nya_Hermann41,https://s3.amazonaws.com/uifaces/faces/twitter/nicolasfolliot/128.jpg
Marlene_Wintheiser85,https://s3.amazonaws.com/uifaces/faces/twitter/mattlat/128.jpg
Jarred69,https://s3.amazonaws.com/uifaces/faces/twitter/nckjrvs/128.jpg
Keegan.Grimes,https://s3.amazonaws.com/uifaces/faces/twitter/falvarad/128.jpg
Nola6,https://s3.amazonaws.com/uifaces/faces/twitter/bighanddesign/128.jpg
Abby54,https://s3.amazonaws.com/uifaces/faces/twitter/devankoshal/128.jpg
Demario.Baumbach,https://s3.amazonaws.com/uifaces/faces/twitter/heykenneth/128.jpg
Meredith.King,https://s3.amazonaws.com/uifaces/faces/twitter/creartinc/128.jpg
Toney_Watsica89,https://s3.amazonaws.com/uifaces/faces/twitter/nepdud/128.jpg
Nyasia_Thiel99,https://s3.amazonaws.com/uifaces/faces/twitter/2fockus/128.jpg
Roxanne_Hayes79,https://s3.amazonaws.com/uifaces/faces/twitter/sainraja/128.jpg
Alysson.Boyle92,https://s3.amazonaws.com/uifaces/faces/twitter/the_winslet/128.jpg
Samanta7,https://s3.amazonaws.com/uifaces/faces/twitter/andrewarrow/128.jpg
Rebeca29,https://s3.amazonaws.com/uifaces/faces/twitter/leonfedotov/128.jpg
Monique.Reichel17,https://s3.amazonaws.com/uifaces/faces/twitter/badlittleduck/128.jpg
Antonia_Abshire70,https://s3.amazonaws.com/uifaces/faces/twitter/wake_gs/128.jpg
Mittie.Mueller,https://s3.amazonaws.com/uifaces/faces/twitter/spacewood_/128.jpg
Martina_Kassulke,https://s3.amazonaws.com/uifaces/faces/twitter/victorDubugras/128.jpg
Cathryn_Hamill88,https://s3.amazonaws.com/uifaces/faces/twitter/josemarques/128.jpg
Casey_Abshire,https://s3.amazonaws.com/uifaces/faces/twitter/jayrobinson/128.jpg
Edythe36,https://s3.amazonaws.com/uifaces/faces/twitter/marcusgorillius/128.jpg
Riley90,https://s3.amazonaws.com/uifaces/faces/twitter/ahmetsulek/128.jpg
Alexzander.Sanford,https://s3.amazonaws.com/uifaces/faces/twitter/justme_timothyg/128.jpg
Waldo.Stroman56,https://s3.amazonaws.com/uifaces/faces/twitter/jasonmarkjones/128.jpg
Mandy_Baumbach85,https://s3.amazonaws.com/uifaces/faces/twitter/raphaelnikson/128.jpg
Abel_Marvin,https://s3.amazonaws.com/uifaces/faces/twitter/switmer777/128.jpg
Ned_Schroeder35,https://s3.amazonaws.com/uifaces/faces/twitter/hoangloi/128.jpg
Kieran19,https://s3.amazonaws.com/uifaces/faces/twitter/yehudab/128.jpg
Myrna.Durgan28,https://s3.amazonaws.com/uifaces/faces/twitter/gusoto/128.jpg
Cordie.Turcotte29,https://s3.amazonaws.com/uifaces/faces/twitter/andysolomon/128.jpg
Jermain.Will37,https://s3.amazonaws.com/uifaces/faces/twitter/cboller1/128.jpg
Kiarra_Wisozk,https://s3.amazonaws.com/uifaces/faces/twitter/ky/128.jpg
Gregorio.Flatley13,https://s3.amazonaws.com/uifaces/faces/twitter/smenov/128.jpg
Jonathon_Zulauf,https://s3.amazonaws.com/uifaces/faces/twitter/dev_essentials/128.jpg
Austyn34,https://s3.amazonaws.com/uifaces/faces/twitter/vonachoo/128.jpg
Emelia16,https://s3.amazonaws.com/uifaces/faces/twitter/joshuasortino/128.jpg
Eliseo.Hilpert,https://s3.amazonaws.com/uifaces/faces/twitter/vijaykarthik/128.jpg
Nicolas.MacGyver1,https://s3.amazonaws.com/uifaces/faces/twitter/brenton_clarke/128.jpg
Verla8,https://s3.amazonaws.com/uifaces/faces/twitter/vaughanmoffitt/128.jpg
Genoveva61,https://s3.amazonaws.com/uifaces/faces/twitter/thomasgeisen/128.jpg
Maybelle28,https://s3.amazonaws.com/uifaces/faces/twitter/ManikRathee/128.jpg
Linwood_Price,https://s3.amazonaws.com/uifaces/faces/twitter/charliegann/128.jpg
Brice.Crist,https://s3.amazonaws.com/uifaces/faces/twitter/sprayaga/128.jpg
Watson88,https://s3.amazonaws.com/uifaces/faces/twitter/gojeanyn/128.jpg
Cleveland86,https://s3.amazonaws.com/uifaces/faces/twitter/ahmetalpbalkan/128.jpg
Buddy_Funk,https://s3.amazonaws.com/uifaces/faces/twitter/popey/128.jpg
Octavia.Barrows54,https://s3.amazonaws.com/uifaces/faces/twitter/buddhasource/128.jpg
Thurman62,https://s3.amazonaws.com/uifaces/faces/twitter/perretmagali/128.jpg
Darrick.Thompson,https://s3.amazonaws.com/uifaces/faces/twitter/nfedoroff/128.jpg
Zena88,https://s3.amazonaws.com/uifaces/faces/twitter/jnmnrd/128.jpg
Chet6,https://s3.amazonaws.com/uifaces/faces/twitter/billyroshan/128.jpg
Elvera99,https://s3.amazonaws.com/uifaces/faces/twitter/aluisio_azevedo/128.jpg
Iliana_Farrell19,https://s3.amazonaws.com/uifaces/faces/twitter/vigobronx/128.jpg
Moriah.Glover75,https://s3.amazonaws.com/uifaces/faces/twitter/arashmanteghi/128.jpg
Camron.Wiegand98,https://s3.amazonaws.com/uifaces/faces/twitter/ateneupopular/128.jpg
Margarette_Sanford80,https://s3.amazonaws.com/uifaces/faces/twitter/magoo04/128.jpg
Leo45,https://s3.amazonaws.com/uifaces/faces/twitter/moynihan/128.jpg
Caitlyn7,https://s3.amazonaws.com/uifaces/faces/twitter/jayrobinson/128.jpg
Elaina_Rau42,https://s3.amazonaws.com/uifaces/faces/twitter/nerdgr8/128.jpg
Tatyana74,https://s3.amazonaws.com/uifaces/faces/twitter/nwdsha/128.jpg
Toby.Casper11,https://s3.amazonaws.com/uifaces/faces/twitter/picard102/128.jpg
Tianna_Armstrong,https://s3.amazonaws.com/uifaces/faces/twitter/nbirckel/128.jpg
Eunice.Cruickshank25,https://s3.amazonaws.com/uifaces/faces/twitter/SlaapMe/128.jpg
Sammy_Ernser,https://s3.amazonaws.com/uifaces/faces/twitter/uxalex/128.jpg
Moshe.Stehr,https://s3.amazonaws.com/uifaces/faces/twitter/karsh/128.jpg
Kirk.Runolfsdottir47,https://s3.amazonaws.com/uifaces/faces/twitter/victorerixon/128.jpg
Gene_Shanahan,https://s3.amazonaws.com/uifaces/faces/twitter/kkusaa/128.jpg
Moises.Jacobson,https://s3.amazonaws.com/uifaces/faces/twitter/BenouarradeM/128.jpg
Anabel.Block4,https://s3.amazonaws.com/uifaces/faces/twitter/isaacfifth/128.jpg
Juliana.Breitenberg,https://s3.amazonaws.com/uifaces/faces/twitter/malykhinv/128.jpg
Kiarra_MacGyver26,https://s3.amazonaws.com/uifaces/faces/twitter/angelceballos/128.jpg
Lavern.Russel,https://s3.amazonaws.com/uifaces/faces/twitter/knilob/128.jpg
Nia1,https://s3.amazonaws.com/uifaces/faces/twitter/sydlawrence/128.jpg
Conrad91,https://s3.amazonaws.com/uifaces/faces/twitter/nellleo/128.jpg
Rhianna84,https://s3.amazonaws.com/uifaces/faces/twitter/sunlandictwin/128.jpg
Santino.Beier,https://s3.amazonaws.com/uifaces/faces/twitter/luxe/128.jpg
Shany_Towne,https://s3.amazonaws.com/uifaces/faces/twitter/twittypork/128.jpg
Stephania.Fahey,https://s3.amazonaws.com/uifaces/faces/twitter/marcusgorillius/128.jpg
Beaulah_Wyman69,https://s3.amazonaws.com/uifaces/faces/twitter/laurengray/128.jpg
Jayden.Bartoletti,https://s3.amazonaws.com/uifaces/faces/twitter/nerrsoft/128.jpg
Davon18,https://s3.amazonaws.com/uifaces/faces/twitter/ainsleywagon/128.jpg
Maci_Torphy,https://s3.amazonaws.com/uifaces/faces/twitter/reideiredale/128.jpg
Zelma66,https://s3.amazonaws.com/uifaces/faces/twitter/jarjan/128.jpg
Olen.Sawayn,https://s3.amazonaws.com/uifaces/faces/twitter/svenlen/128.jpg
Alivia62,https://s3.amazonaws.com/uifaces/faces/twitter/sandywoodruff/128.jpg
Erin_Conroy,https://s3.amazonaws.com/uifaces/faces/twitter/karsh/128.jpg
Tate.Hahn38,https://s3.amazonaws.com/uifaces/faces/twitter/carbontwelve/128.jpg
Elroy.Boehm89,https://s3.amazonaws.com/uifaces/faces/twitter/coreyhaggard/128.jpg
Evert94,https://s3.amazonaws.com/uifaces/faces/twitter/mslarkina/128.jpg
Haleigh.Hettinger,https://s3.amazonaws.com/uifaces/faces/twitter/BrianPurkiss/128.jpg
Micheal70,https://s3.amazonaws.com/uifaces/faces/twitter/BryanHorsey/128.jpg
Kennith_Lebsack,https://s3.amazonaws.com/uifaces/faces/twitter/mrebay007/128.jpg
Hermann9,https://s3.amazonaws.com/uifaces/faces/twitter/dansowter/128.jpg
Shawn.Dietrich,https://s3.amazonaws.com/uifaces/faces/twitter/prinzadi/128.jpg
Alycia.Gottlieb,https://s3.amazonaws.com/uifaces/faces/twitter/cdharrison/128.jpg
Leola_Jast59,https://s3.amazonaws.com/uifaces/faces/twitter/msveet/128.jpg
Mark.Hyatt,https://s3.amazonaws.com/uifaces/faces/twitter/cloudstudio/128.jpg
Pamela.Krajcik,https://s3.amazonaws.com/uifaces/faces/twitter/ManikRathee/128.jpg
Luz_Sanford43,https://s3.amazonaws.com/uifaces/faces/twitter/kumarrajan12123/128.jpg
Alanis.Morar,https://s3.amazonaws.com/uifaces/faces/twitter/jpenico/128.jpg
Rickie_Heidenreich89,https://s3.amazonaws.com/uifaces/faces/twitter/danillos/128.jpg
Noe_Legros,https://s3.amazonaws.com/uifaces/faces/twitter/alevizio/128.jpg
Tad.Leuschke86,https://s3.amazonaws.com/uifaces/faces/twitter/abovefunction/128.jpg
Albert98,https://s3.amazonaws.com/uifaces/faces/twitter/itstotallyamy/128.jpg
Tobin83,https://s3.amazonaws.com/uifaces/faces/twitter/kurafire/128.jpg
Elliott60,https://s3.amazonaws.com/uifaces/faces/twitter/mahmoudmetwally/128.jpg
Sammie_Macejkovic,https://s3.amazonaws.com/uifaces/faces/twitter/sur4dye/128.jpg
Johnnie_Gaylord,https://s3.amazonaws.com/uifaces/faces/twitter/tgerken/128.jpg
Baron.Jacobi46,https://s3.amazonaws.com/uifaces/faces/twitter/polarity/128.jpg
Vidal67,https://s3.amazonaws.com/uifaces/faces/twitter/aaronkwhite/128.jpg
Adolph38,https://s3.amazonaws.com/uifaces/faces/twitter/trubeatto/128.jpg
Dean.King12,https://s3.amazonaws.com/uifaces/faces/twitter/michaelcomiskey/128.jpg
Raphaelle5,https://s3.amazonaws.com/uifaces/faces/twitter/ostirbu/128.jpg
Deangelo_Cummerata95,https://s3.amazonaws.com/uifaces/faces/twitter/mhesslow/128.jpg
Misael_Rosenbaum58,https://s3.amazonaws.com/uifaces/faces/twitter/jeremery/128.jpg
Isac.Barrows,https://s3.amazonaws.com/uifaces/faces/twitter/91bilal/128.jpg
Jaunita_Smith45,https://s3.amazonaws.com/uifaces/faces/twitter/aoimedia/128.jpg
Mable_DAmore,https://s3.amazonaws.com/uifaces/faces/twitter/claudioguglieri/128.jpg
Linnie.Swift72,https://s3.amazonaws.com/uifaces/faces/twitter/jedbridges/128.jpg
Lucio.Kilback,https://s3.amazonaws.com/uifaces/faces/twitter/homka/128.jpg
Thaddeus_Rosenbaum,https://s3.amazonaws.com/uifaces/faces/twitter/mohanrohith/128.jpg
Kiana.Moore54,https://s3.amazonaws.com/uifaces/faces/twitter/maximseshuk/128.jpg
Reinhold_Jacobi33,https://s3.amazonaws.com/uifaces/faces/twitter/lepetitogre/128.jpg
Kyleigh_Stokes,https://s3.amazonaws.com/uifaces/faces/twitter/francis_vega/128.jpg
Bret.Gibson,https://s3.amazonaws.com/uifaces/faces/twitter/superoutman/128.jpg
Zena35,https://s3.amazonaws.com/uifaces/faces/twitter/kostaspt/128.jpg
Destiney_Dietrich,https://s3.amazonaws.com/uifaces/faces/twitter/skkirilov/128.jpg
Vinnie.Quigley,https://s3.amazonaws.com/uifaces/faces/twitter/nandini_m/128.jpg
Vernice42,https://s3.amazonaws.com/uifaces/faces/twitter/louis_currie/128.jpg
Israel.Muller2,https://s3.amazonaws.com/uifaces/faces/twitter/mutlu82/128.jpg
Myriam.Beier74,https://s3.amazonaws.com/uifaces/faces/twitter/S0ufi4n3/128.jpg
Marco_Schumm,https://s3.amazonaws.com/uifaces/faces/twitter/robergd/128.jpg
Kamryn96,https://s3.amazonaws.com/uifaces/faces/twitter/plasticine/128.jpg
Octavia.Osinski,https://s3.amazonaws.com/uifaces/faces/twitter/stefvdham/128.jpg
Joanny_Padberg,https://s3.amazonaws.com/uifaces/faces/twitter/a1chapone/128.jpg
Gene_Christiansen79,https://s3.amazonaws.com/uifaces/faces/twitter/edgarchris99/128.jpg
William22,https://s3.amazonaws.com/uifaces/faces/twitter/waghner/128.jpg
Addison.Pacocha23,https://s3.amazonaws.com/uifaces/faces/twitter/praveen_vijaya/128.jpg
Marian.Okuneva78,https://s3.amazonaws.com/uifaces/faces/twitter/kylefrost/128.jpg
Delia.Rath,https://s3.amazonaws.com/uifaces/faces/twitter/jmfsocial/128.jpg
Charity_Volkman,https://s3.amazonaws.com/uifaces/faces/twitter/runningskull/128.jpg
Madelynn63,https://s3.amazonaws.com/uifaces/faces/twitter/finchjke/128.jpg
Camryn_Lindgren47,https://s3.amazonaws.com/uifaces/faces/twitter/thatonetommy/128.jpg
Orrin74,https://s3.amazonaws.com/uifaces/faces/twitter/alxndrustinov/128.jpg
Ethan.Maggio61,https://s3.amazonaws.com/uifaces/faces/twitter/prheemo/128.jpg
Alexis.Reichel,https://s3.amazonaws.com/uifaces/faces/twitter/russoedu/128.jpg
Leatha_Bartell,https://s3.amazonaws.com/uifaces/faces/twitter/kiwiupover/128.jpg
Kole74,https://s3.amazonaws.com/uifaces/faces/twitter/falconerie/128.jpg
Elvera.Grimes,https://s3.amazonaws.com/uifaces/faces/twitter/fronx/128.jpg
Percy.Lowe5,https://s3.amazonaws.com/uifaces/faces/twitter/polarity/128.jpg
Adell_Beier19,https://s3.amazonaws.com/uifaces/faces/twitter/malgordon/128.jpg
Kenneth.Satterfield61,https://s3.amazonaws.com/uifaces/faces/twitter/karthipanraj/128.jpg
Kirsten_King,https://s3.amazonaws.com/uifaces/faces/twitter/beshur/128.jpg
Minerva.Feeney,https://s3.amazonaws.com/uifaces/faces/twitter/allfordesign/128.jpg
Melvin.Nitzsche,https://s3.amazonaws.com/uifaces/faces/twitter/mymyboy/128.jpg
Margaretta23,https://s3.amazonaws.com/uifaces/faces/twitter/soffes/128.jpg
Richard.Rogahn,https://s3.amazonaws.com/uifaces/faces/twitter/gauchomatt/128.jpg
Daron.Luettgen7,https://s3.amazonaws.com/uifaces/faces/twitter/jeremery/128.jpg
Timothy.Ullrich,https://s3.amazonaws.com/uifaces/faces/twitter/y2graphic/128.jpg
Brandi.Gulgowski50,https://s3.amazonaws.com/uifaces/faces/twitter/patrickcoombe/128.jpg
Lilyan_Carter,https://s3.amazonaws.com/uifaces/faces/twitter/dreizle/128.jpg
Julia_Kemmer94,https://s3.amazonaws.com/uifaces/faces/twitter/cbracco/128.jpg
Sammy_Marvin,https://s3.amazonaws.com/uifaces/faces/twitter/2fockus/128.jpg
Karine70,https://s3.amazonaws.com/uifaces/faces/twitter/carlosm/128.jpg
Lydia19,https://s3.amazonaws.com/uifaces/faces/twitter/gabrielrosser/128.jpg
Judah_Robel,https://s3.amazonaws.com/uifaces/faces/twitter/slowspock/128.jpg
Nikita_OKeefe58,https://s3.amazonaws.com/uifaces/faces/twitter/stevedesigner/128.jpg
Orville.Rosenbaum85,https://s3.amazonaws.com/uifaces/faces/twitter/vikashpathak18/128.jpg
Vickie99,https://s3.amazonaws.com/uifaces/faces/twitter/catarino/128.jpg
Nat.Stracke,https://s3.amazonaws.com/uifaces/faces/twitter/vikasvinfotech/128.jpg
Enid_Thiel31,https://s3.amazonaws.com/uifaces/faces/twitter/andrewarrow/128.jpg
Cicero.Dare54,https://s3.amazonaws.com/uifaces/faces/twitter/iamkeithmason/128.jpg
Lemuel28,https://s3.amazonaws.com/uifaces/faces/twitter/erwanhesry/128.jpg
Ana71,https://s3.amazonaws.com/uifaces/faces/twitter/rahmeen/128.jpg
Ned_OReilly,https://s3.amazonaws.com/uifaces/faces/twitter/cicerobr/128.jpg
Johan_King26,https://s3.amazonaws.com/uifaces/faces/twitter/kevinoh/128.jpg
Dedrick_Kerluke,https://s3.amazonaws.com/uifaces/faces/twitter/lvovenok/128.jpg
Jacky39,https://s3.amazonaws.com/uifaces/faces/twitter/spedwig/128.jpg
Kiera_Stoltenberg24,https://s3.amazonaws.com/uifaces/faces/twitter/findingjenny/128.jpg
Mandy_Lowe,https://s3.amazonaws.com/uifaces/faces/twitter/dixchen/128.jpg
Doyle_Hansen,https://s3.amazonaws.com/uifaces/faces/twitter/allagringaus/128.jpg
Kaley_Macejkovic,https://s3.amazonaws.com/uifaces/faces/twitter/madebyvadim/128.jpg
Conner70,https://s3.amazonaws.com/uifaces/faces/twitter/elbuscainfo/128.jpg
Raven_Schuppe,https://s3.amazonaws.com/uifaces/faces/twitter/michaelabehsera/128.jpg
Regan_Bogisich85,https://s3.amazonaws.com/uifaces/faces/twitter/baumann_alex/128.jpg
Brielle26,https://s3.amazonaws.com/uifaces/faces/twitter/BryanHorsey/128.jpg
Carrie48,https://s3.amazonaws.com/uifaces/faces/twitter/snowwrite/128.jpg
Toney_Buckridge4,https://s3.amazonaws.com/uifaces/faces/twitter/panghal0/128.jpg
Nora.King,https://s3.amazonaws.com/uifaces/faces/twitter/silv3rgvn/128.jpg
Marlin_Mann40,https://s3.amazonaws.com/uifaces/faces/twitter/markretzloff/128.jpg
Cary33,https://s3.amazonaws.com/uifaces/faces/twitter/_kkga/128.jpg
Simeon91,https://s3.amazonaws.com/uifaces/faces/twitter/taybenlor/128.jpg
Reyna46,https://s3.amazonaws.com/uifaces/faces/twitter/dnirmal/128.jpg
Vivienne.Hoppe35,https://s3.amazonaws.com/uifaces/faces/twitter/prrstn/128.jpg
Nella.Huel,https://s3.amazonaws.com/uifaces/faces/twitter/aiiaiiaii/128.jpg
Wilton_Grimes99,https://s3.amazonaws.com/uifaces/faces/twitter/alsobrooks/128.jpg
Darwin_Weimann89,https://s3.amazonaws.com/uifaces/faces/twitter/ky/128.jpg
Jerald4,https://s3.amazonaws.com/uifaces/faces/twitter/vigobronx/128.jpg
Heath.Pagac,https://s3.amazonaws.com/uifaces/faces/twitter/trueblood_33/128.jpg
Karlee99,https://s3.amazonaws.com/uifaces/faces/twitter/matthewkay_/128.jpg
Marcelina_Littel80,https://s3.amazonaws.com/uifaces/faces/twitter/salvafc/128.jpg
Murray.Raynor53,https://s3.amazonaws.com/uifaces/faces/twitter/ah_lice/128.jpg
Devonte.Wisozk88,https://s3.amazonaws.com/uifaces/faces/twitter/keryilmaz/128.jpg
Kieran_Mraz34,https://s3.amazonaws.com/uifaces/faces/twitter/alan_zhang_/128.jpg
Nicolas_Hand,https://s3.amazonaws.com/uifaces/faces/twitter/guiiipontes/128.jpg
Shawn.Ernser14,https://s3.amazonaws.com/uifaces/faces/twitter/hfalucas/128.jpg
Celia.Carter,https://s3.amazonaws.com/uifaces/faces/twitter/spedwig/128.jpg
Ona.Wiegand62,https://s3.amazonaws.com/uifaces/faces/twitter/1markiz/128.jpg
Brenna.Blick43,https://s3.amazonaws.com/uifaces/faces/twitter/kevinjohndayy/128.jpg
Hortense62,https://s3.amazonaws.com/uifaces/faces/twitter/ryhanhassan/128.jpg
Sylvia63,https://s3.amazonaws.com/uifaces/faces/twitter/angelceballos/128.jpg
Tierra.Stamm,https://s3.amazonaws.com/uifaces/faces/twitter/embrcecreations/128.jpg
Rossie_Altenwerth,https://s3.amazonaws.com/uifaces/faces/twitter/kaspernordkvist/128.jpg
Bert65,https://s3.amazonaws.com/uifaces/faces/twitter/iqbalperkasa/128.jpg
Domenica.Kozey,https://s3.amazonaws.com/uifaces/faces/twitter/magugzbrand2d/128.jpg
Gideon_Upton,https://s3.amazonaws.com/uifaces/faces/twitter/AlbertoCococi/128.jpg
Cyrus_Gislason37,https://s3.amazonaws.com/uifaces/faces/twitter/zackeeler/128.jpg
Trinity94,https://s3.amazonaws.com/uifaces/faces/twitter/ariil/128.jpg
Avis90,https://s3.amazonaws.com/uifaces/faces/twitter/ddggccaa/128.jpg
Dewitt.Willms67,https://s3.amazonaws.com/uifaces/faces/twitter/malgordon/128.jpg
Candice_Keeling72,https://s3.amazonaws.com/uifaces/faces/twitter/angelceballos/128.jpg
Roosevelt99,https://s3.amazonaws.com/uifaces/faces/twitter/yesmeck/128.jpg
Maeve.Altenwerth49,https://s3.amazonaws.com/uifaces/faces/twitter/plasticine/128.jpg
Salvatore7,https://s3.amazonaws.com/uifaces/faces/twitter/_yardenoon/128.jpg
Jaqueline75,https://s3.amazonaws.com/uifaces/faces/twitter/stephcoue/128.jpg
Cecile_Parker28,https://s3.amazonaws.com/uifaces/faces/twitter/krystalfister/128.jpg
Claude.Abbott72,https://s3.amazonaws.com/uifaces/faces/twitter/sementiy/128.jpg
Vickie.McClure8,https://s3.amazonaws.com/uifaces/faces/twitter/chadami/128.jpg
Buster71,https://s3.amazonaws.com/uifaces/faces/twitter/reideiredale/128.jpg
Gregg_Macejkovic92,https://s3.amazonaws.com/uifaces/faces/twitter/chrisslowik/128.jpg
Lee_Parisian97,https://s3.amazonaws.com/uifaces/faces/twitter/markjenkins/128.jpg
Rebeka_Wilderman,https://s3.amazonaws.com/uifaces/faces/twitter/jlsolerdeltoro/128.jpg
Oleta_Zieme30,https://s3.amazonaws.com/uifaces/faces/twitter/flashmurphy/128.jpg
Henri97,https://s3.amazonaws.com/uifaces/faces/twitter/mylesb/128.jpg
Mckenzie93,https://s3.amazonaws.com/uifaces/faces/twitter/thehacker/128.jpg
Dixie3,https://s3.amazonaws.com/uifaces/faces/twitter/jffgrdnr/128.jpg
Stan_Jerde17,https://s3.amazonaws.com/uifaces/faces/twitter/supjoey/128.jpg
Watson.Walsh,https://s3.amazonaws.com/uifaces/faces/twitter/joshhemsley/128.jpg
Gillian.Cronin,https://s3.amazonaws.com/uifaces/faces/twitter/davecraige/128.jpg
Allene_Gottlieb,https://s3.amazonaws.com/uifaces/faces/twitter/dvdwinden/128.jpg
Dayana.Padberg,https://s3.amazonaws.com/uifaces/faces/twitter/adamawesomeface/128.jpg
Odessa_OConnell,https://s3.amazonaws.com/uifaces/faces/twitter/mr_subtle/128.jpg
Lonie10,https://s3.amazonaws.com/uifaces/faces/twitter/mrjamesnoble/128.jpg
Leola33,https://s3.amazonaws.com/uifaces/faces/twitter/begreative/128.jpg
Nettie80,https://s3.amazonaws.com/uifaces/faces/twitter/Shriiiiimp/128.jpg
Tod91,https://s3.amazonaws.com/uifaces/faces/twitter/dss49/128.jpg
Barney_Rutherford82,https://s3.amazonaws.com/uifaces/faces/twitter/jerrybai1907/128.jpg
Cortney_Abernathy,https://s3.amazonaws.com/uifaces/faces/twitter/sur4dye/128.jpg
Deshawn0,https://s3.amazonaws.com/uifaces/faces/twitter/juanmamartinez/128.jpg
Leonie_Pouros66,https://s3.amazonaws.com/uifaces/faces/twitter/anjhero/128.jpg
Alfred_Ernser0,https://s3.amazonaws.com/uifaces/faces/twitter/geran7/128.jpg
Audreanne.Schroeder47,https://s3.amazonaws.com/uifaces/faces/twitter/BrianPurkiss/128.jpg
Evert.Walsh,https://s3.amazonaws.com/uifaces/faces/twitter/ZacharyZorbas/128.jpg
Kiley.Conn79,https://s3.amazonaws.com/uifaces/faces/twitter/elliotnolten/128.jpg
Dejon_Kessler85,https://s3.amazonaws.com/uifaces/faces/twitter/we_social/128.jpg
Alford96,https://s3.amazonaws.com/uifaces/faces/twitter/saschamt/128.jpg
Jensen_Rau,https://s3.amazonaws.com/uifaces/faces/twitter/nvkznemo/128.jpg
Cheyenne95,https://s3.amazonaws.com/uifaces/faces/twitter/scrapdnb/128.jpg
Katrina64,https://s3.amazonaws.com/uifaces/faces/twitter/jonathansimmons/128.jpg
Birdie51,https://s3.amazonaws.com/uifaces/faces/twitter/the_winslet/128.jpg
Jaycee41,https://s3.amazonaws.com/uifaces/faces/twitter/maximsorokin/128.jpg
Kariane_Schoen,https://s3.amazonaws.com/uifaces/faces/twitter/madewulf/128.jpg
Chesley.Hagenes,https://s3.amazonaws.com/uifaces/faces/twitter/calebjoyce/128.jpg
Xander.Daugherty,https://s3.amazonaws.com/uifaces/faces/twitter/samscouto/128.jpg
Bryon_Baumbach,https://s3.amazonaws.com/uifaces/faces/twitter/wegotvices/128.jpg
Oswald22,https://s3.amazonaws.com/uifaces/faces/twitter/byrnecore/128.jpg
Candace_Kunde,https://s3.amazonaws.com/uifaces/faces/twitter/pyronite/128.jpg
Esther87,https://s3.amazonaws.com/uifaces/faces/twitter/brandonburke/128.jpg
Hilma_Cruickshank99,https://s3.amazonaws.com/uifaces/faces/twitter/homka/128.jpg
Gennaro_Torp,https://s3.amazonaws.com/uifaces/faces/twitter/melvindidit/128.jpg
Meredith_Morissette25,https://s3.amazonaws.com/uifaces/faces/twitter/bigmancho/128.jpg
Dorian.Witting99,https://s3.amazonaws.com/uifaces/faces/twitter/lososina/128.jpg
Helene57,https://s3.amazonaws.com/uifaces/faces/twitter/knilob/128.jpg
Noemi_Moore70,https://s3.amazonaws.com/uifaces/faces/twitter/BroumiYoussef/128.jpg
Laney81,https://s3.amazonaws.com/uifaces/faces/twitter/vaughanmoffitt/128.jpg
Mabel21,https://s3.amazonaws.com/uifaces/faces/twitter/tonymillion/128.jpg
Jerrod73,https://s3.amazonaws.com/uifaces/faces/twitter/rpatey/128.jpg
Nico.Stamm91,https://s3.amazonaws.com/uifaces/faces/twitter/ankitind/128.jpg
Bianka_Dach43,https://s3.amazonaws.com/uifaces/faces/twitter/stefanozoffoli/128.jpg
Shea.Jerde16,https://s3.amazonaws.com/uifaces/faces/twitter/manigm/128.jpg
Marcelle87,https://s3.amazonaws.com/uifaces/faces/twitter/melvindidit/128.jpg
Ralph_Dooley,https://s3.amazonaws.com/uifaces/faces/twitter/funwatercat/128.jpg
Marc.Sipes,https://s3.amazonaws.com/uifaces/faces/twitter/steynviljoen/128.jpg
Rhianna_Harvey5,https://s3.amazonaws.com/uifaces/faces/twitter/el_fuertisimo/128.jpg
Javier_Crooks91,https://s3.amazonaws.com/uifaces/faces/twitter/jennyshen/128.jpg
Sydnie47,https://s3.amazonaws.com/uifaces/faces/twitter/pyronite/128.jpg
Marcos13,https://s3.amazonaws.com/uifaces/faces/twitter/kapaluccio/128.jpg
Dorthy.Simonis,https://s3.amazonaws.com/uifaces/faces/twitter/mhudobivnik/128.jpg
Jasen.Terry58,https://s3.amazonaws.com/uifaces/faces/twitter/eyronn/128.jpg
Kamron3,https://s3.amazonaws.com/uifaces/faces/twitter/dutchnadia/128.jpg
Cyril33,https://s3.amazonaws.com/uifaces/faces/twitter/0therplanet/128.jpg
Genevieve35,https://s3.amazonaws.com/uifaces/faces/twitter/kurafire/128.jpg
Amir_Price2,https://s3.amazonaws.com/uifaces/faces/twitter/gregsqueeb/128.jpg
Heidi_Kunde2,https://s3.amazonaws.com/uifaces/faces/twitter/oktayelipek/128.jpg
Gustave_Koepp,https://s3.amazonaws.com/uifaces/faces/twitter/suprb/128.jpg
Gerhard.Hermann,https://s3.amazonaws.com/uifaces/faces/twitter/dorphern/128.jpg
Reba.Dietrich80,https://s3.amazonaws.com/uifaces/faces/twitter/fabbianz/128.jpg
Keagan_Harber,https://s3.amazonaws.com/uifaces/faces/twitter/russoedu/128.jpg
Vernice.Johnson,https://s3.amazonaws.com/uifaces/faces/twitter/iqonicd/128.jpg
Nikko6,https://s3.amazonaws.com/uifaces/faces/twitter/danillos/128.jpg
Ernest40,https://s3.amazonaws.com/uifaces/faces/twitter/grrr_nl/128.jpg
Anna33,https://s3.amazonaws.com/uifaces/faces/twitter/balintorosz/128.jpg
Hollis78,https://s3.amazonaws.com/uifaces/faces/twitter/jonkspr/128.jpg
Cordelia53,https://s3.amazonaws.com/uifaces/faces/twitter/daniloc/128.jpg
Lydia21,https://s3.amazonaws.com/uifaces/faces/twitter/colirpixoil/128.jpg
Camilla.Zieme28,https://s3.amazonaws.com/uifaces/faces/twitter/jesseddy/128.jpg
Theresa_Stokes47,https://s3.amazonaws.com/uifaces/faces/twitter/h1brd/128.jpg
Sam.Mosciski16,https://s3.amazonaws.com/uifaces/faces/twitter/guiiipontes/128.jpg
Allison49,https://s3.amazonaws.com/uifaces/faces/twitter/baliomega/128.jpg
Zita_Deckow29,https://s3.amazonaws.com/uifaces/faces/twitter/jamiebrittain/128.jpg
Greg6,https://s3.amazonaws.com/uifaces/faces/twitter/mauriolg/128.jpg
Ena_Lind85,https://s3.amazonaws.com/uifaces/faces/twitter/vladimirdevic/128.jpg
Nakia.McLaughlin67,https://s3.amazonaws.com/uifaces/faces/twitter/hellofeverrrr/128.jpg
William_Doyle,https://s3.amazonaws.com/uifaces/faces/twitter/areus/128.jpg
Ova.Gaylord99,https://s3.amazonaws.com/uifaces/faces/twitter/johnsmithagency/128.jpg
Krystal.Kozey,https://s3.amazonaws.com/uifaces/faces/twitter/aleinadsays/128.jpg
Rita82,https://s3.amazonaws.com/uifaces/faces/twitter/xiel/128.jpg
Larry_Weimann1,https://s3.amazonaws.com/uifaces/faces/twitter/marclgonzales/128.jpg
Osborne56,https://s3.amazonaws.com/uifaces/faces/twitter/yigitpinarbasi/128.jpg
Paula20,https://s3.amazonaws.com/uifaces/faces/twitter/gseguin/128.jpg
Oswald.Schuppe,https://s3.amazonaws.com/uifaces/faces/twitter/samscouto/128.jpg
Jaylon58,https://s3.amazonaws.com/uifaces/faces/twitter/sur4dye/128.jpg
Tanner.Okuneva,https://s3.amazonaws.com/uifaces/faces/twitter/robinclediere/128.jpg
Dillan_Collier82,https://s3.amazonaws.com/uifaces/faces/twitter/bergmartin/128.jpg
Toy_Bechtelar,https://s3.amazonaws.com/uifaces/faces/twitter/IsaryAmairani/128.jpg
Helene67,https://s3.amazonaws.com/uifaces/faces/twitter/lisovsky/128.jpg
Ulices11,https://s3.amazonaws.com/uifaces/faces/twitter/shvelo96/128.jpg
Ashton_Grant,https://s3.amazonaws.com/uifaces/faces/twitter/swaplord/128.jpg
Alejandrin98,https://s3.amazonaws.com/uifaces/faces/twitter/robinlayfield/128.jpg
Liam_Hayes41,https://s3.amazonaws.com/uifaces/faces/twitter/jackiesaik/128.jpg
Rickie92,https://s3.amazonaws.com/uifaces/faces/twitter/rpatey/128.jpg
Levi.Larson36,https://s3.amazonaws.com/uifaces/faces/twitter/Elt_n/128.jpg
Burley_Huel61,https://s3.amazonaws.com/uifaces/faces/twitter/magugzbrand2d/128.jpg
Jorge.Bednar,https://s3.amazonaws.com/uifaces/faces/twitter/victorstuber/128.jpg
Tiara_Larkin43,https://s3.amazonaws.com/uifaces/faces/twitter/wiljanslofstra/128.jpg
Karina_Schuppe74,https://s3.amazonaws.com/uifaces/faces/twitter/eugeneeweb/128.jpg
Jordane80,https://s3.amazonaws.com/uifaces/faces/twitter/cofla/128.jpg
Terrence_Rau80,https://s3.amazonaws.com/uifaces/faces/twitter/bpartridge/128.jpg
Beaulah.Wyman18,https://s3.amazonaws.com/uifaces/faces/twitter/michaelcomiskey/128.jpg
Michele_Wintheiser33,https://s3.amazonaws.com/uifaces/faces/twitter/justinrhee/128.jpg
Carole_Flatley17,https://s3.amazonaws.com/uifaces/faces/twitter/thatonetommy/128.jpg
Leonel89,https://s3.amazonaws.com/uifaces/faces/twitter/nicoleglynn/128.jpg
Hellen_Deckow,https://s3.amazonaws.com/uifaces/faces/twitter/nateschulte/128.jpg
Lina.Kirlin22,https://s3.amazonaws.com/uifaces/faces/twitter/sandywoodruff/128.jpg
Gunnar.Erdman,https://s3.amazonaws.com/uifaces/faces/twitter/saschadroste/128.jpg
Keshawn6,https://s3.amazonaws.com/uifaces/faces/twitter/runningskull/128.jpg
Tristian_Kub,https://s3.amazonaws.com/uifaces/faces/twitter/jimmuirhead/128.jpg
Damion.Frami,https://s3.amazonaws.com/uifaces/faces/twitter/lingeswaran/128.jpg
Watson11,https://s3.amazonaws.com/uifaces/faces/twitter/cemshid/128.jpg
Jesus74,https://s3.amazonaws.com/uifaces/faces/twitter/baliomega/128.jpg
Letha.DuBuque80,https://s3.amazonaws.com/uifaces/faces/twitter/BryanHorsey/128.jpg
Lloyd.Gusikowski76,https://s3.amazonaws.com/uifaces/faces/twitter/vinciarts/128.jpg
Jacky99,https://s3.amazonaws.com/uifaces/faces/twitter/jomarmen/128.jpg
Kamron.Farrell,https://s3.amazonaws.com/uifaces/faces/twitter/emmandenn/128.jpg
Nat8,https://s3.amazonaws.com/uifaces/faces/twitter/jwalter14/128.jpg
Ashley70,https://s3.amazonaws.com/uifaces/faces/twitter/SULiik/128.jpg
Emmanuel_Okuneva63,https://s3.amazonaws.com/uifaces/faces/twitter/pyronite/128.jpg
Ernest_Will2,https://s3.amazonaws.com/uifaces/faces/twitter/danmartin70/128.jpg
Keshawn.Frami,https://s3.amazonaws.com/uifaces/faces/twitter/mandalareopens/128.jpg
Jettie.Mohr41,https://s3.amazonaws.com/uifaces/faces/twitter/kushsolitary/128.jpg
Dejah55,https://s3.amazonaws.com/uifaces/faces/twitter/jwalter14/128.jpg
Aiden.Wilkinson11,https://s3.amazonaws.com/uifaces/faces/twitter/spbroma/128.jpg
Abel91,https://s3.amazonaws.com/uifaces/faces/twitter/kamal_chaneman/128.jpg
Ona_Treutel68,https://s3.amazonaws.com/uifaces/faces/twitter/mattdetails/128.jpg
Macy3,https://s3.amazonaws.com/uifaces/faces/twitter/heycamtaylor/128.jpg
Haley_Schuppe68,https://s3.amazonaws.com/uifaces/faces/twitter/elenadissi/128.jpg
Vaughn.Kris,https://s3.amazonaws.com/uifaces/faces/twitter/buddhasource/128.jpg
Delores.Durgan,https://s3.amazonaws.com/uifaces/faces/twitter/itstotallyamy/128.jpg
Reanna.Oberbrunner13,https://s3.amazonaws.com/uifaces/faces/twitter/sementiy/128.jpg
Lizzie_Reichel,https://s3.amazonaws.com/uifaces/faces/twitter/noxdzine/128.jpg
Junius.Beer,https://s3.amazonaws.com/uifaces/faces/twitter/brenton_clarke/128.jpg
Luisa_Koch82,https://s3.amazonaws.com/uifaces/faces/twitter/pifagor/128.jpg
Okey_Tillman63,https://s3.amazonaws.com/uifaces/faces/twitter/magoo04/128.jpg
Quinten_Waelchi,https://s3.amazonaws.com/uifaces/faces/twitter/marcusgorillius/128.jpg
Frida_Simonis60,https://s3.amazonaws.com/uifaces/faces/twitter/_ragzor/128.jpg
Jarrod1,https://s3.amazonaws.com/uifaces/faces/twitter/BenouarradeM/128.jpg
Monte48,https://s3.amazonaws.com/uifaces/faces/twitter/balakayuriy/128.jpg
Grayson_Swaniawski51,https://s3.amazonaws.com/uifaces/faces/twitter/mighty55/128.jpg
Mabelle.Reilly70,https://s3.amazonaws.com/uifaces/faces/twitter/robbschiller/128.jpg
Naomie85,https://s3.amazonaws.com/uifaces/faces/twitter/ssiskind/128.jpg
Kale47,https://s3.amazonaws.com/uifaces/faces/twitter/russell_baylis/128.jpg
Brandy_Kuhn,https://s3.amazonaws.com/uifaces/faces/twitter/divya/128.jpg
Karine89,https://s3.amazonaws.com/uifaces/faces/twitter/calebogden/128.jpg
Stuart65,https://s3.amazonaws.com/uifaces/faces/twitter/scottfeltham/128.jpg
Retha_Jast,https://s3.amazonaws.com/uifaces/faces/twitter/andresenfredrik/128.jpg
Katelynn_Dach,https://s3.amazonaws.com/uifaces/faces/twitter/tgerken/128.jpg
Imani97,https://s3.amazonaws.com/uifaces/faces/twitter/mikemai2awesome/128.jpg
Antonia93,https://s3.amazonaws.com/uifaces/faces/twitter/ciaranr/128.jpg
Johnny16,https://s3.amazonaws.com/uifaces/faces/twitter/madysondesigns/128.jpg
Mya.Effertz,https://s3.amazonaws.com/uifaces/faces/twitter/alexandermayes/128.jpg
Jeremy_Leffler83,https://s3.amazonaws.com/uifaces/faces/twitter/mrebay007/128.jpg
Erna.Jacobi,https://s3.amazonaws.com/uifaces/faces/twitter/jesseddy/128.jpg
Duncan.Klocko47,https://s3.amazonaws.com/uifaces/faces/twitter/samuelkraft/128.jpg
Alfreda_Considine,https://s3.amazonaws.com/uifaces/faces/twitter/dhrubo/128.jpg
Erwin.Runolfsdottir48,https://s3.amazonaws.com/uifaces/faces/twitter/michaelcomiskey/128.jpg
Rigoberto.Barrows,https://s3.amazonaws.com/uifaces/faces/twitter/geshan/128.jpg
Reinhold5,https://s3.amazonaws.com/uifaces/faces/twitter/danthms/128.jpg
Davon.Cartwright,https://s3.amazonaws.com/uifaces/faces/twitter/alek_djuric/128.jpg
Wiley.Bins,https://s3.amazonaws.com/uifaces/faces/twitter/cyril_gaillard/128.jpg
Crystel_Effertz36,https://s3.amazonaws.com/uifaces/faces/twitter/jm_denis/128.jpg
Walker_Keebler,https://s3.amazonaws.com/uifaces/faces/twitter/marakasina/128.jpg
Forest.Hickle68,https://s3.amazonaws.com/uifaces/faces/twitter/isaacfifth/128.jpg
Chase_Zemlak,https://s3.amazonaws.com/uifaces/faces/twitter/sta1ex/128.jpg
Isac.Hyatt31,https://s3.amazonaws.com/uifaces/faces/twitter/shinze/128.jpg
Lucy.Konopelski,https://s3.amazonaws.com/uifaces/faces/twitter/gregkilian/128.jpg
Allen_Jacobi,https://s3.amazonaws.com/uifaces/faces/twitter/a1chapone/128.jpg
Annetta69,https://s3.amazonaws.com/uifaces/faces/twitter/turkutuuli/128.jpg
Lenna.Kassulke47,https://s3.amazonaws.com/uifaces/faces/twitter/devankoshal/128.jpg
Samson_Beer41,https://s3.amazonaws.com/uifaces/faces/twitter/gu5taf/128.jpg
Zelma.Glover70,https://s3.amazonaws.com/uifaces/faces/twitter/sachacorazzi/128.jpg
Brenden_Schamberger,https://s3.amazonaws.com/uifaces/faces/twitter/ademilter/128.jpg
Emery.Mayert39,https://s3.amazonaws.com/uifaces/faces/twitter/arthurholcombe1/128.jpg
Bianka_Stokes,https://s3.amazonaws.com/uifaces/faces/twitter/arthurholcombe1/128.jpg
Kamren63,https://s3.amazonaws.com/uifaces/faces/twitter/soyjavi/128.jpg
Mabel23,https://s3.amazonaws.com/uifaces/faces/twitter/kohette/128.jpg
Noemy.Ortiz,https://s3.amazonaws.com/uifaces/faces/twitter/jacksonlatka/128.jpg
Lavada99,https://s3.amazonaws.com/uifaces/faces/twitter/dutchnadia/128.jpg
Lori.West,https://s3.amazonaws.com/uifaces/faces/twitter/ilya_pestov/128.jpg
Isobel.Upton,https://s3.amazonaws.com/uifaces/faces/twitter/amywebbb/128.jpg
Alexis_Jast,https://s3.amazonaws.com/uifaces/faces/twitter/knilob/128.jpg
Bailee_Bogan,https://s3.amazonaws.com/uifaces/faces/twitter/chrisslowik/128.jpg
Lincoln.Fahey11,https://s3.amazonaws.com/uifaces/faces/twitter/aka_james/128.jpg
Clemmie88,https://s3.amazonaws.com/uifaces/faces/twitter/tgormtx/128.jpg
Kathleen_Keeling,https://s3.amazonaws.com/uifaces/faces/twitter/theonlyzeke/128.jpg
Emmanuel.Powlowski,https://s3.amazonaws.com/uifaces/faces/twitter/martinansty/128.jpg
Peyton_Moen28,https://s3.amazonaws.com/uifaces/faces/twitter/jeremiaha/128.jpg
Kenyatta.Littel,https://s3.amazonaws.com/uifaces/faces/twitter/tjrus/128.jpg
Corine_Romaguera53,https://s3.amazonaws.com/uifaces/faces/twitter/larrybolt/128.jpg
Ivah_OConner88,https://s3.amazonaws.com/uifaces/faces/twitter/russell_baylis/128.jpg
Robert_Brakus44,https://s3.amazonaws.com/uifaces/faces/twitter/VMilescu/128.jpg
Alfonso.Senger87,https://s3.amazonaws.com/uifaces/faces/twitter/exentrich/128.jpg
Asha_Larkin,https://s3.amazonaws.com/uifaces/faces/twitter/ruehldesign/128.jpg
Juston.Greenfelder,https://s3.amazonaws.com/uifaces/faces/twitter/mgonto/128.jpg
Cyrus.Bechtelar,https://s3.amazonaws.com/uifaces/faces/twitter/j_drake_/128.jpg
Hildegard_Christiansen,https://s3.amazonaws.com/uifaces/faces/twitter/josecarlospsh/128.jpg
Ollie.Stamm3,https://s3.amazonaws.com/uifaces/faces/twitter/sergeysafonov/128.jpg
Kayla.Rutherford34,https://s3.amazonaws.com/uifaces/faces/twitter/SlaapMe/128.jpg
Kian.Reynolds22,https://s3.amazonaws.com/uifaces/faces/twitter/gt/128.jpg
Russ84,https://s3.amazonaws.com/uifaces/faces/twitter/seyedhossein1/128.jpg
Bessie.Zieme,https://s3.amazonaws.com/uifaces/faces/twitter/antongenkin/128.jpg
Alessandro.Weimann73,https://s3.amazonaws.com/uifaces/faces/twitter/davecraige/128.jpg
Agustina.Greenholt,https://s3.amazonaws.com/uifaces/faces/twitter/twittypork/128.jpg
Kian_Luettgen,https://s3.amazonaws.com/uifaces/faces/twitter/guischmitt/128.jpg
Forrest_Goyette13,https://s3.amazonaws.com/uifaces/faces/twitter/woodsman001/128.jpg
Bobbie19,https://s3.amazonaws.com/uifaces/faces/twitter/teylorfeliz/128.jpg
Milton27,https://s3.amazonaws.com/uifaces/faces/twitter/soffes/128.jpg
Laurianne.Langosh89,https://s3.amazonaws.com/uifaces/faces/twitter/edkf/128.jpg
Keshawn.Hermann17,https://s3.amazonaws.com/uifaces/faces/twitter/al_li/128.jpg
Frankie39,https://s3.amazonaws.com/uifaces/faces/twitter/peterlandt/128.jpg
Mina61,https://s3.amazonaws.com/uifaces/faces/twitter/nicollerich/128.jpg
Billie_Kemmer,https://s3.amazonaws.com/uifaces/faces/twitter/xripunov/128.jpg
Carroll8,https://s3.amazonaws.com/uifaces/faces/twitter/emmandenn/128.jpg
Chaya.Funk15,https://s3.amazonaws.com/uifaces/faces/twitter/kostaspt/128.jpg
Torey62,https://s3.amazonaws.com/uifaces/faces/twitter/kvasnic/128.jpg
Kiley_Padberg,https://s3.amazonaws.com/uifaces/faces/twitter/smaczny/128.jpg
Francisco_Hirthe,https://s3.amazonaws.com/uifaces/faces/twitter/vladarbatov/128.jpg
German51,https://s3.amazonaws.com/uifaces/faces/twitter/orkuncaylar/128.jpg
Salvatore20,https://s3.amazonaws.com/uifaces/faces/twitter/panchajanyag/128.jpg
Connor.Watsica95,https://s3.amazonaws.com/uifaces/faces/twitter/kennyadr/128.jpg
Jorge93,https://s3.amazonaws.com/uifaces/faces/twitter/_yardenoon/128.jpg
Maxie_Bahringer,https://s3.amazonaws.com/uifaces/faces/twitter/j2deme/128.jpg
Stephanie_Hyatt51,https://s3.amazonaws.com/uifaces/faces/twitter/blakesimkins/128.jpg
Taya_Kiehn71,https://s3.amazonaws.com/uifaces/faces/twitter/matkins/128.jpg
Hortense_Beer45,https://s3.amazonaws.com/uifaces/faces/twitter/joshuaraichur/128.jpg
Maybelle98,https://s3.amazonaws.com/uifaces/faces/twitter/imcoding/128.jpg
Verona_Dickinson93,https://s3.amazonaws.com/uifaces/faces/twitter/ruehldesign/128.jpg
Harold_Turner43,https://s3.amazonaws.com/uifaces/faces/twitter/charlesrpratt/128.jpg
Logan59,https://s3.amazonaws.com/uifaces/faces/twitter/_victa/128.jpg
Jamison5,https://s3.amazonaws.com/uifaces/faces/twitter/itolmach/128.jpg
Marianna54,https://s3.amazonaws.com/uifaces/faces/twitter/kennyadr/128.jpg
Juliana.Kunde71,https://s3.amazonaws.com/uifaces/faces/twitter/sweetdelisa/128.jpg
Eunice52,https://s3.amazonaws.com/uifaces/faces/twitter/sebashton/128.jpg
Dasia_Heidenreich68,https://s3.amazonaws.com/uifaces/faces/twitter/keryilmaz/128.jpg
Earl_Kshlerin,https://s3.amazonaws.com/uifaces/faces/twitter/aluisio_azevedo/128.jpg
Haley.Beer,https://s3.amazonaws.com/uifaces/faces/twitter/leeiio/128.jpg
Yoshiko19,https://s3.amazonaws.com/uifaces/faces/twitter/oscarowusu/128.jpg
Wendell18,https://s3.amazonaws.com/uifaces/faces/twitter/joemdesign/128.jpg
Nigel49,https://s3.amazonaws.com/uifaces/faces/twitter/benoitboucart/128.jpg
Fernando.Bayer,https://s3.amazonaws.com/uifaces/faces/twitter/lvovenok/128.jpg
Afton_Kihn18,https://s3.amazonaws.com/uifaces/faces/twitter/findingjenny/128.jpg
Modesto.Pfeffer,https://s3.amazonaws.com/uifaces/faces/twitter/iamjdeleon/128.jpg
Georgette_Rodriguez81,https://s3.amazonaws.com/uifaces/faces/twitter/emmandenn/128.jpg
Bernadette_Strosin,https://s3.amazonaws.com/uifaces/faces/twitter/langate/128.jpg
Adrain_Simonis,https://s3.amazonaws.com/uifaces/faces/twitter/danvernon/128.jpg
Alexzander.Herzog12,https://s3.amazonaws.com/uifaces/faces/twitter/betraydan/128.jpg
Verla.VonRueden43,https://s3.amazonaws.com/uifaces/faces/twitter/leeiio/128.jpg
Adolfo.Gutmann,https://s3.amazonaws.com/uifaces/faces/twitter/albertaugustin/128.jpg
Breanna_Oberbrunner35,https://s3.amazonaws.com/uifaces/faces/twitter/bighanddesign/128.jpg
Chanel_Schaefer69,https://s3.amazonaws.com/uifaces/faces/twitter/vikashpathak18/128.jpg
Dorcas59,https://s3.amazonaws.com/uifaces/faces/twitter/saschadroste/128.jpg
Beverly.Upton,https://s3.amazonaws.com/uifaces/faces/twitter/chanpory/128.jpg
Darrick.Kozey45,https://s3.amazonaws.com/uifaces/faces/twitter/haligaliharun/128.jpg
Gustave_Labadie,https://s3.amazonaws.com/uifaces/faces/twitter/mastermindesign/128.jpg
Isabel.Bins,https://s3.amazonaws.com/uifaces/faces/twitter/scottiedude/128.jpg
Francis37,https://s3.amazonaws.com/uifaces/faces/twitter/lebronjennan/128.jpg
Braeden.Luettgen,https://s3.amazonaws.com/uifaces/faces/twitter/chatyrko/128.jpg
Elisha_Bruen,https://s3.amazonaws.com/uifaces/faces/twitter/markolschesky/128.jpg
Liana47,https://s3.amazonaws.com/uifaces/faces/twitter/michigangraham/128.jpg
Gerry79,https://s3.amazonaws.com/uifaces/faces/twitter/bighanddesign/128.jpg
Raphael21,https://s3.amazonaws.com/uifaces/faces/twitter/gkaam/128.jpg
Kirk27,https://s3.amazonaws.com/uifaces/faces/twitter/ahmetalpbalkan/128.jpg
Eladio_Treutel78,https://s3.amazonaws.com/uifaces/faces/twitter/kojourin/128.jpg
Erin76,https://s3.amazonaws.com/uifaces/faces/twitter/zauerkraut/128.jpg
Donnie_Parisian90,https://s3.amazonaws.com/uifaces/faces/twitter/michaelbrooksjr/128.jpg
Kristofer12,https://s3.amazonaws.com/uifaces/faces/twitter/harry_sistalam/128.jpg
Josie19,https://s3.amazonaws.com/uifaces/faces/twitter/bu7921/128.jpg
Omari73,https://s3.amazonaws.com/uifaces/faces/twitter/suribbles/128.jpg
Rosamond_Pfannerstill25,https://s3.amazonaws.com/uifaces/faces/twitter/zvchkelly/128.jpg
Roberta_Hintz31,https://s3.amazonaws.com/uifaces/faces/twitter/markolschesky/128.jpg
Bryon13,https://s3.amazonaws.com/uifaces/faces/twitter/steynviljoen/128.jpg
Selena_Rohan26,https://s3.amazonaws.com/uifaces/faces/twitter/ariil/128.jpg
Kip.Bauch,https://s3.amazonaws.com/uifaces/faces/twitter/atanism/128.jpg
Terrance.Murray6,https://s3.amazonaws.com/uifaces/faces/twitter/robbschiller/128.jpg
Zander.Shields7,https://s3.amazonaws.com/uifaces/faces/twitter/finchjke/128.jpg
Lorena_Adams,https://s3.amazonaws.com/uifaces/faces/twitter/erwanhesry/128.jpg
Monica_Fisher,https://s3.amazonaws.com/uifaces/faces/twitter/SULiik/128.jpg
Elroy_Romaguera,https://s3.amazonaws.com/uifaces/faces/twitter/larrygerard/128.jpg
Reilly_VonRueden,https://s3.amazonaws.com/uifaces/faces/twitter/dimaposnyy/128.jpg
Camille20,https://s3.amazonaws.com/uifaces/faces/twitter/mattdetails/128.jpg
Evans.Upton,https://s3.amazonaws.com/uifaces/faces/twitter/nerrsoft/128.jpg
Luz.Volkman37,https://s3.amazonaws.com/uifaces/faces/twitter/scrapdnb/128.jpg
Susana_Bailey0,https://s3.amazonaws.com/uifaces/faces/twitter/AlbertoCococi/128.jpg
Dulce_Schimmel98,https://s3.amazonaws.com/uifaces/faces/twitter/jcubic/128.jpg
Elias86,https://s3.amazonaws.com/uifaces/faces/twitter/gabrielrosser/128.jpg
Camren15,https://s3.amazonaws.com/uifaces/faces/twitter/baires/128.jpg
Terence11,https://s3.amazonaws.com/uifaces/faces/twitter/instalox/128.jpg
Santos74,https://s3.amazonaws.com/uifaces/faces/twitter/joeymurdah/128.jpg
Earlene67,https://s3.amazonaws.com/uifaces/faces/twitter/jayrobinson/128.jpg
Annette16,https://s3.amazonaws.com/uifaces/faces/twitter/demersdesigns/128.jpg
Hanna.Reilly,https://s3.amazonaws.com/uifaces/faces/twitter/alsobrooks/128.jpg
Quincy_Lebsack,https://s3.amazonaws.com/uifaces/faces/twitter/reetajayendra/128.jpg
Daniela43,https://s3.amazonaws.com/uifaces/faces/twitter/ashocka18/128.jpg
Mallory_Stamm56,https://s3.amazonaws.com/uifaces/faces/twitter/joelcipriano/128.jpg
Marilyne_Feil,https://s3.amazonaws.com/uifaces/faces/twitter/sergeyalmone/128.jpg
Tiara98,https://s3.amazonaws.com/uifaces/faces/twitter/saarabpreet/128.jpg
Isai_Mante93,https://s3.amazonaws.com/uifaces/faces/twitter/nbirckel/128.jpg
Rosa1,https://s3.amazonaws.com/uifaces/faces/twitter/doooon/128.jpg
Ian_Kshlerin49,https://s3.amazonaws.com/uifaces/faces/twitter/nelshd/128.jpg
Maddison63,https://s3.amazonaws.com/uifaces/faces/twitter/uberschizo/128.jpg
Jordan80,https://s3.amazonaws.com/uifaces/faces/twitter/mauriolg/128.jpg
Guy_Ruecker,https://s3.amazonaws.com/uifaces/faces/twitter/xilantra/128.jpg
Ben87,https://s3.amazonaws.com/uifaces/faces/twitter/oscarowusu/128.jpg
Misty.Robel,https://s3.amazonaws.com/uifaces/faces/twitter/ciaranr/128.jpg
Yasmine_Leannon38,https://s3.amazonaws.com/uifaces/faces/twitter/elliotnolten/128.jpg
Olen_Bruen,https://s3.amazonaws.com/uifaces/faces/twitter/markolschesky/128.jpg
Jammie_Tromp,https://s3.amazonaws.com/uifaces/faces/twitter/axel/128.jpg
Glennie_Champlin87,https://s3.amazonaws.com/uifaces/faces/twitter/robergd/128.jpg
Cindy.Corkery79,https://s3.amazonaws.com/uifaces/faces/twitter/guischmitt/128.jpg
Casandra.Champlin,https://s3.amazonaws.com/uifaces/faces/twitter/anasnakawa/128.jpg
Alec_McCullough19,https://s3.amazonaws.com/uifaces/faces/twitter/el_fuertisimo/128.jpg
Chanelle.Rath,https://s3.amazonaws.com/uifaces/faces/twitter/byryan/128.jpg
Urban.Rolfson39,https://s3.amazonaws.com/uifaces/faces/twitter/mikemai2awesome/128.jpg
Gabriel.Steuber81,https://s3.amazonaws.com/uifaces/faces/twitter/marcobarbosa/128.jpg
Patsy25,https://s3.amazonaws.com/uifaces/faces/twitter/holdenweb/128.jpg
Cleora_Satterfield,https://s3.amazonaws.com/uifaces/faces/twitter/jjshaw14/128.jpg
Trystan.Swaniawski53,https://s3.amazonaws.com/uifaces/faces/twitter/haruintesettden/128.jpg
Nova_MacGyver,https://s3.amazonaws.com/uifaces/faces/twitter/peachananr/128.jpg
Tod_Mohr,https://s3.amazonaws.com/uifaces/faces/twitter/airskylar/128.jpg
Nedra_Flatley,https://s3.amazonaws.com/uifaces/faces/twitter/kalmerrautam/128.jpg
Lambert_Rau22,https://s3.amazonaws.com/uifaces/faces/twitter/rez___a/128.jpg
Justina_Schaefer,https://s3.amazonaws.com/uifaces/faces/twitter/stephcoue/128.jpg
Madeline44,https://s3.amazonaws.com/uifaces/faces/twitter/hfalucas/128.jpg
Naomie.Lindgren3,https://s3.amazonaws.com/uifaces/faces/twitter/josecarlospsh/128.jpg
Myrtle75,https://s3.amazonaws.com/uifaces/faces/twitter/beweinreich/128.jpg
Sylvan.Hilll53,https://s3.amazonaws.com/uifaces/faces/twitter/h1brd/128.jpg
Juliana_Robel,https://s3.amazonaws.com/uifaces/faces/twitter/vovkasolovev/128.jpg
Grace.Haley33,https://s3.amazonaws.com/uifaces/faces/twitter/xravil/128.jpg
Sam.Kassulke,https://s3.amazonaws.com/uifaces/faces/twitter/ariffsetiawan/128.jpg
Alyson10,https://s3.amazonaws.com/uifaces/faces/twitter/agromov/128.jpg
Trycia44,https://s3.amazonaws.com/uifaces/faces/twitter/afusinatto/128.jpg
Taya.Cormier,https://s3.amazonaws.com/uifaces/faces/twitter/saschadroste/128.jpg
Jessyca_Glover78,https://s3.amazonaws.com/uifaces/faces/twitter/desastrozo/128.jpg
Mittie90,https://s3.amazonaws.com/uifaces/faces/twitter/mutlu82/128.jpg
Mohammad_Cummings56,https://s3.amazonaws.com/uifaces/faces/twitter/ssiskind/128.jpg
Adelia20,https://s3.amazonaws.com/uifaces/faces/twitter/mhesslow/128.jpg
Alexandre_Welch31,https://s3.amazonaws.com/uifaces/faces/twitter/abelcabans/128.jpg
Norene.Breitenberg46,https://s3.amazonaws.com/uifaces/faces/twitter/rehatkathuria/128.jpg
Ila.Mitchell,https://s3.amazonaws.com/uifaces/faces/twitter/gu5taf/128.jpg
Antone.Pacocha6,https://s3.amazonaws.com/uifaces/faces/twitter/ademilter/128.jpg
Ottis_Fritsch46,https://s3.amazonaws.com/uifaces/faces/twitter/alexandermayes/128.jpg
Ron7,https://s3.amazonaws.com/uifaces/faces/twitter/ionuss/128.jpg
Mabel26,https://s3.amazonaws.com/uifaces/faces/twitter/davecraige/128.jpg
Wilfredo62,https://s3.amazonaws.com/uifaces/faces/twitter/gaborenton/128.jpg
Litzy.Turcotte,https://s3.amazonaws.com/uifaces/faces/twitter/stefvdham/128.jpg
Bridget40,https://s3.amazonaws.com/uifaces/faces/twitter/gregkilian/128.jpg
Flavio_Hilpert,https://s3.amazonaws.com/uifaces/faces/twitter/cloudstudio/128.jpg
Jose.Corkery,https://s3.amazonaws.com/uifaces/faces/twitter/trueblood_33/128.jpg
Libbie_Langosh,https://s3.amazonaws.com/uifaces/faces/twitter/dutchnadia/128.jpg
Kathryn_Roberts99,https://s3.amazonaws.com/uifaces/faces/twitter/n1ght_coder/128.jpg
Mariano_Moen,https://s3.amazonaws.com/uifaces/faces/twitter/maximsorokin/128.jpg
Bernita.Zulauf,https://s3.amazonaws.com/uifaces/faces/twitter/itskawsar/128.jpg
Elfrieda_Baumbach61,https://s3.amazonaws.com/uifaces/faces/twitter/michaelcolenso/128.jpg
Kariane.Harris12,https://s3.amazonaws.com/uifaces/faces/twitter/rdbannon/128.jpg
Emmet.Quigley,https://s3.amazonaws.com/uifaces/faces/twitter/wintopia/128.jpg
Alberto_Anderson50,https://s3.amazonaws.com/uifaces/faces/twitter/harry_sistalam/128.jpg
Lesly19,https://s3.amazonaws.com/uifaces/faces/twitter/curiousonaut/128.jpg
Coralie.Jerde77,https://s3.amazonaws.com/uifaces/faces/twitter/craigelimeliah/128.jpg
Ansel51,https://s3.amazonaws.com/uifaces/faces/twitter/damenleeturks/128.jpg
Tyson13,https://s3.amazonaws.com/uifaces/faces/twitter/we_social/128.jpg
Demarcus1,https://s3.amazonaws.com/uifaces/faces/twitter/foczzi/128.jpg
Abigale_Schultz,https://s3.amazonaws.com/uifaces/faces/twitter/souuf/128.jpg
Rae54,https://s3.amazonaws.com/uifaces/faces/twitter/stefvdham/128.jpg
Dagmar_Hodkiewicz86,https://s3.amazonaws.com/uifaces/faces/twitter/herbigt/128.jpg
Marcia20,https://s3.amazonaws.com/uifaces/faces/twitter/javorszky/128.jpg
Madonna0,https://s3.amazonaws.com/uifaces/faces/twitter/fjaguero/128.jpg
Presley.Collins39,https://s3.amazonaws.com/uifaces/faces/twitter/kianoshp/128.jpg
Garnet.Jacobs,https://s3.amazonaws.com/uifaces/faces/twitter/seyedhossein1/128.jpg
Brook84,https://s3.amazonaws.com/uifaces/faces/twitter/tomas_janousek/128.jpg
Elmore_Fadel,https://s3.amazonaws.com/uifaces/faces/twitter/sur4dye/128.jpg
Malika17,https://s3.amazonaws.com/uifaces/faces/twitter/marklamb/128.jpg
Valentina.Pollich83,https://s3.amazonaws.com/uifaces/faces/twitter/baliomega/128.jpg
Sadye_Reynolds,https://s3.amazonaws.com/uifaces/faces/twitter/magoo04/128.jpg
Fabiola87,https://s3.amazonaws.com/uifaces/faces/twitter/robbschiller/128.jpg
London_Howell37,https://s3.amazonaws.com/uifaces/faces/twitter/jodytaggart/128.jpg
Ferne_Little7,https://s3.amazonaws.com/uifaces/faces/twitter/eugeneeweb/128.jpg
Katharina86,https://s3.amazonaws.com/uifaces/faces/twitter/nbirckel/128.jpg
Madaline63,https://s3.amazonaws.com/uifaces/faces/twitter/praveen_vijaya/128.jpg
Grayce.Terry,https://s3.amazonaws.com/uifaces/faces/twitter/madewulf/128.jpg
Tyrese4,https://s3.amazonaws.com/uifaces/faces/twitter/sokaniwaal/128.jpg
Abel48,https://s3.amazonaws.com/uifaces/faces/twitter/miguelkooreman/128.jpg
Sydnee.Wisozk,https://s3.amazonaws.com/uifaces/faces/twitter/aroon_sharma/128.jpg
Elsa65,https://s3.amazonaws.com/uifaces/faces/twitter/lu4sh1i/128.jpg
Porter_Kessler,https://s3.amazonaws.com/uifaces/faces/twitter/hugocornejo/128.jpg
Jammie27,https://s3.amazonaws.com/uifaces/faces/twitter/tereshenkov/128.jpg
Bertrand_Wyman,https://s3.amazonaws.com/uifaces/faces/twitter/rmlewisuk/128.jpg
Holden15,https://s3.amazonaws.com/uifaces/faces/twitter/gt/128.jpg
Emery_Doyle2,https://s3.amazonaws.com/uifaces/faces/twitter/jmillspaysbills/128.jpg
Cynthia.Borer8,https://s3.amazonaws.com/uifaces/faces/twitter/stan/128.jpg
Destiney66,https://s3.amazonaws.com/uifaces/faces/twitter/ivanfilipovbg/128.jpg
Aracely80,https://s3.amazonaws.com/uifaces/faces/twitter/vonachoo/128.jpg
Jannie.Welch,https://s3.amazonaws.com/uifaces/faces/twitter/meln1ks/128.jpg
Adrian.Weimann,https://s3.amazonaws.com/uifaces/faces/twitter/jffgrdnr/128.jpg
Shanon58,https://s3.amazonaws.com/uifaces/faces/twitter/aaronalfred/128.jpg
Heath_Kshlerin,https://s3.amazonaws.com/uifaces/faces/twitter/lebinoclard/128.jpg
Jaquelin_Streich81,https://s3.amazonaws.com/uifaces/faces/twitter/mvdheuvel/128.jpg
Darrion49,https://s3.amazonaws.com/uifaces/faces/twitter/soffes/128.jpg
Stanford31,https://s3.amazonaws.com/uifaces/faces/twitter/blakehawksworth/128.jpg
Susanna.Cartwright,https://s3.amazonaws.com/uifaces/faces/twitter/exentrich/128.jpg
Wendell65,https://s3.amazonaws.com/uifaces/faces/twitter/xamorep/128.jpg
Sanford.Beatty,https://s3.amazonaws.com/uifaces/faces/twitter/joelhelin/128.jpg
Torey.Heller70,https://s3.amazonaws.com/uifaces/faces/twitter/falvarad/128.jpg
Andrew.Torp,https://s3.amazonaws.com/uifaces/faces/twitter/markwienands/128.jpg
Demarco_Pouros0,https://s3.amazonaws.com/uifaces/faces/twitter/wake_gs/128.jpg
Maida50,https://s3.amazonaws.com/uifaces/faces/twitter/d33pthought/128.jpg
Grant69,https://s3.amazonaws.com/uifaces/faces/twitter/souperphly/128.jpg
Jimmie_Mante78,https://s3.amazonaws.com/uifaces/faces/twitter/joshhemsley/128.jpg
Edythe.Kessler,https://s3.amazonaws.com/uifaces/faces/twitter/suprb/128.jpg
Efrain.Wintheiser,https://s3.amazonaws.com/uifaces/faces/twitter/yehudab/128.jpg
Ida_Cummings,https://s3.amazonaws.com/uifaces/faces/twitter/cherif_b/128.jpg
Shanon8,https://s3.amazonaws.com/uifaces/faces/twitter/abotap/128.jpg
Angeline87,https://s3.amazonaws.com/uifaces/faces/twitter/aoimedia/128.jpg
Jonathon.Kihn,https://s3.amazonaws.com/uifaces/faces/twitter/dvdwinden/128.jpg
Prudence90,https://s3.amazonaws.com/uifaces/faces/twitter/millinet/128.jpg
Enoch.Cassin,https://s3.amazonaws.com/uifaces/faces/twitter/Talbi_ConSept/128.jpg
Fritz.Harber89,https://s3.amazonaws.com/uifaces/faces/twitter/bowbrick/128.jpg
Wilbert_Rutherford,https://s3.amazonaws.com/uifaces/faces/twitter/vytautas_a/128.jpg
Cleveland_Windler47,https://s3.amazonaws.com/uifaces/faces/twitter/sprayaga/128.jpg
Tyrique.Williamson,https://s3.amazonaws.com/uifaces/faces/twitter/brajeshwar/128.jpg
Yazmin72,https://s3.amazonaws.com/uifaces/faces/twitter/happypeter1983/128.jpg
Donna2,https://s3.amazonaws.com/uifaces/faces/twitter/quailandquasar/128.jpg
Sammie9,https://s3.amazonaws.com/uifaces/faces/twitter/embrcecreations/128.jpg
Vivian39,https://s3.amazonaws.com/uifaces/faces/twitter/vladarbatov/128.jpg
Khalid65,https://s3.amazonaws.com/uifaces/faces/twitter/mymyboy/128.jpg
Gladys56,https://s3.amazonaws.com/uifaces/faces/twitter/danthms/128.jpg
Roberto.Williamson,https://s3.amazonaws.com/uifaces/faces/twitter/adamnac/128.jpg
Keaton95,https://s3.amazonaws.com/uifaces/faces/twitter/jagan123/128.jpg
Sigurd.Johnston,https://s3.amazonaws.com/uifaces/faces/twitter/akmur/128.jpg
Imelda.Erdman,https://s3.amazonaws.com/uifaces/faces/twitter/nemanjaivanovic/128.jpg
Veronica_Braun,https://s3.amazonaws.com/uifaces/faces/twitter/konus/128.jpg
Earlene_Robel62,https://s3.amazonaws.com/uifaces/faces/twitter/rodnylobos/128.jpg
Kaela32,https://s3.amazonaws.com/uifaces/faces/twitter/thomasschrijer/128.jpg
Vaughn_Corkery,https://s3.amazonaws.com/uifaces/faces/twitter/smenov/128.jpg
Erin.Satterfield,https://s3.amazonaws.com/uifaces/faces/twitter/taylorling/128.jpg
Mayra_Mayert20,https://s3.amazonaws.com/uifaces/faces/twitter/beweinreich/128.jpg
Prudence_Stamm81,https://s3.amazonaws.com/uifaces/faces/twitter/karalek/128.jpg
Kyler_Schroeder,https://s3.amazonaws.com/uifaces/faces/twitter/juamperro/128.jpg
Forest.Mraz25,https://s3.amazonaws.com/uifaces/faces/twitter/brenton_clarke/128.jpg
Charity86,https://s3.amazonaws.com/uifaces/faces/twitter/djsherman/128.jpg
Naomi.Jones,https://s3.amazonaws.com/uifaces/faces/twitter/haydn_woods/128.jpg
Daisy.Bode,https://s3.amazonaws.com/uifaces/faces/twitter/brenmurrell/128.jpg
Salvador_Lind,https://s3.amazonaws.com/uifaces/faces/twitter/shvelo96/128.jpg
Efrain96,https://s3.amazonaws.com/uifaces/faces/twitter/overra/128.jpg
Terrance_Mayert,https://s3.amazonaws.com/uifaces/faces/twitter/russell_baylis/128.jpg
Uriah_Klocko4,https://s3.amazonaws.com/uifaces/faces/twitter/victorerixon/128.jpg
Karianne_Windler,https://s3.amazonaws.com/uifaces/faces/twitter/ma_tiax/128.jpg
Emil6,https://s3.amazonaws.com/uifaces/faces/twitter/a_brixen/128.jpg
Viva.Balistreri,https://s3.amazonaws.com/uifaces/faces/twitter/hota_v/128.jpg
Burley24,https://s3.amazonaws.com/uifaces/faces/twitter/rweve/128.jpg
Giuseppe_Collier94,https://s3.amazonaws.com/uifaces/faces/twitter/derekebradley/128.jpg
Titus26,https://s3.amazonaws.com/uifaces/faces/twitter/karolkrakowiak_/128.jpg
Stephany.Barrows11,https://s3.amazonaws.com/uifaces/faces/twitter/mbilalsiddique1/128.jpg
Hazle.Boehm22,https://s3.amazonaws.com/uifaces/faces/twitter/nwdsha/128.jpg
Santina_Hirthe5,https://s3.amazonaws.com/uifaces/faces/twitter/catadeleon/128.jpg
Otis.Rowe,https://s3.amazonaws.com/uifaces/faces/twitter/buzzusborne/128.jpg
Lula85,https://s3.amazonaws.com/uifaces/faces/twitter/miguelmendes/128.jpg
Dasia69,https://s3.amazonaws.com/uifaces/faces/twitter/gmourier/128.jpg
Gonzalo_OConnell,https://s3.amazonaws.com/uifaces/faces/twitter/baumann_alex/128.jpg
Cortney37,https://s3.amazonaws.com/uifaces/faces/twitter/chrisstumph/128.jpg
Regan79,https://s3.amazonaws.com/uifaces/faces/twitter/marlinjayakody/128.jpg
Ines62,https://s3.amazonaws.com/uifaces/faces/twitter/emsgulam/128.jpg
Teresa75,https://s3.amazonaws.com/uifaces/faces/twitter/ivanfilipovbg/128.jpg
Adrianna_Towne,https://s3.amazonaws.com/uifaces/faces/twitter/grahamkennery/128.jpg
Hallie57,https://s3.amazonaws.com/uifaces/faces/twitter/Silveredge9/128.jpg
Milton.Breitenberg78,https://s3.amazonaws.com/uifaces/faces/twitter/uxward/128.jpg
Sallie_Bogan94,https://s3.amazonaws.com/uifaces/faces/twitter/missaaamy/128.jpg
Giovani_Funk61,https://s3.amazonaws.com/uifaces/faces/twitter/mufaddal_mw/128.jpg
Emmanuelle30,https://s3.amazonaws.com/uifaces/faces/twitter/rachelreveley/128.jpg
Kylie.Harvey,https://s3.amazonaws.com/uifaces/faces/twitter/ah_lice/128.jpg
Dawson38,https://s3.amazonaws.com/uifaces/faces/twitter/lowie/128.jpg
Cynthia72,https://s3.amazonaws.com/uifaces/faces/twitter/rahmeen/128.jpg
Trystan_Hayes28,https://s3.amazonaws.com/uifaces/faces/twitter/iqonicd/128.jpg
Carol.Kuhn,https://s3.amazonaws.com/uifaces/faces/twitter/d_kobelyatsky/128.jpg
Justice_Walker93,https://s3.amazonaws.com/uifaces/faces/twitter/kapaluccio/128.jpg
Dillon_Murazik1,https://s3.amazonaws.com/uifaces/faces/twitter/greenbes/128.jpg
Randal1,https://s3.amazonaws.com/uifaces/faces/twitter/gkaam/128.jpg
Neva.Dickinson,https://s3.amazonaws.com/uifaces/faces/twitter/jonsgotwood/128.jpg
Michael_Herzog80,https://s3.amazonaws.com/uifaces/faces/twitter/BroumiYoussef/128.jpg
Murray.VonRueden,https://s3.amazonaws.com/uifaces/faces/twitter/apriendeau/128.jpg
Germaine.Dicki67,https://s3.amazonaws.com/uifaces/faces/twitter/adamnac/128.jpg
Vilma_Weimann25,https://s3.amazonaws.com/uifaces/faces/twitter/perfectflow/128.jpg
Simone.Johnson76,https://s3.amazonaws.com/uifaces/faces/twitter/mvdheuvel/128.jpg
Margaretta_Waelchi,https://s3.amazonaws.com/uifaces/faces/twitter/creartinc/128.jpg
Cristobal48,https://s3.amazonaws.com/uifaces/faces/twitter/andyisonline/128.jpg
Elta_Haley5,https://s3.amazonaws.com/uifaces/faces/twitter/swooshycueb/128.jpg
Jennifer30,https://s3.amazonaws.com/uifaces/faces/twitter/gavr1l0/128.jpg
Kellen.Stokes,https://s3.amazonaws.com/uifaces/faces/twitter/malgordon/128.jpg
Juston.Will,https://s3.amazonaws.com/uifaces/faces/twitter/arishi_/128.jpg
Angela47,https://s3.amazonaws.com/uifaces/faces/twitter/akmur/128.jpg
Joseph_Hessel74,https://s3.amazonaws.com/uifaces/faces/twitter/_williamguerra/128.jpg
Orin.Stroman,https://s3.amazonaws.com/uifaces/faces/twitter/itolmach/128.jpg
Waino6,https://s3.amazonaws.com/uifaces/faces/twitter/jerrybai1907/128.jpg
Audie13,https://s3.amazonaws.com/uifaces/faces/twitter/apriendeau/128.jpg
Kira21,https://s3.amazonaws.com/uifaces/faces/twitter/alexivanichkin/128.jpg
Taya_Mills,https://s3.amazonaws.com/uifaces/faces/twitter/agromov/128.jpg
Judah.OKeefe,https://s3.amazonaws.com/uifaces/faces/twitter/mikaeljorhult/128.jpg
Amaya.McDermott88,https://s3.amazonaws.com/uifaces/faces/twitter/bermonpainter/128.jpg
Osbaldo_Keebler19,https://s3.amazonaws.com/uifaces/faces/twitter/runningskull/128.jpg
Hilton39,https://s3.amazonaws.com/uifaces/faces/twitter/mwarkentin/128.jpg
Myrl56,https://s3.amazonaws.com/uifaces/faces/twitter/mrebay007/128.jpg
Leonora_Brown46,https://s3.amazonaws.com/uifaces/faces/twitter/aluisio_azevedo/128.jpg
Nelson42,https://s3.amazonaws.com/uifaces/faces/twitter/nessoila/128.jpg
Nona.Tremblay53,https://s3.amazonaws.com/uifaces/faces/twitter/swaplord/128.jpg
Juston.Durgan,https://s3.amazonaws.com/uifaces/faces/twitter/renbyrd/128.jpg
Wanda.Schumm80,https://s3.amazonaws.com/uifaces/faces/twitter/noxdzine/128.jpg
Ardella30,https://s3.amazonaws.com/uifaces/faces/twitter/r_garcia/128.jpg
Roderick19,https://s3.amazonaws.com/uifaces/faces/twitter/hsinyo23/128.jpg
Trey68,https://s3.amazonaws.com/uifaces/faces/twitter/8d3k/128.jpg
Josefa_Bartoletti56,https://s3.amazonaws.com/uifaces/faces/twitter/miguelmendes/128.jpg
Pink_Gleason9,https://s3.amazonaws.com/uifaces/faces/twitter/alexandermayes/128.jpg
Angelita13,https://s3.amazonaws.com/uifaces/faces/twitter/petrangr/128.jpg
Thomas_Bednar,https://s3.amazonaws.com/uifaces/faces/twitter/johannesneu/128.jpg
Cicero_Sipes,https://s3.amazonaws.com/uifaces/faces/twitter/umurgdk/128.jpg
Ahmed.Veum,https://s3.amazonaws.com/uifaces/faces/twitter/weglov/128.jpg
Vance42,https://s3.amazonaws.com/uifaces/faces/twitter/mtolokonnikov/128.jpg
Hazle80,https://s3.amazonaws.com/uifaces/faces/twitter/madebyvadim/128.jpg
Marie37,https://s3.amazonaws.com/uifaces/faces/twitter/nerrsoft/128.jpg
Raven.Witting91,https://s3.amazonaws.com/uifaces/faces/twitter/nbirckel/128.jpg
Sophia_Reichert70,https://s3.amazonaws.com/uifaces/faces/twitter/krystalfister/128.jpg
Lauren_Keeling10,https://s3.amazonaws.com/uifaces/faces/twitter/ganserene/128.jpg
Tiara.Cruickshank95,https://s3.amazonaws.com/uifaces/faces/twitter/poormini/128.jpg
Roxane.Brakus16,https://s3.amazonaws.com/uifaces/faces/twitter/allthingssmitty/128.jpg
Junior90,https://s3.amazonaws.com/uifaces/faces/twitter/SULiik/128.jpg
Adrain.Reichel6,https://s3.amazonaws.com/uifaces/faces/twitter/patrickcoombe/128.jpg
Victor.Johnson,https://s3.amazonaws.com/uifaces/faces/twitter/michigangraham/128.jpg
Rebeka_Koelpin,https://s3.amazonaws.com/uifaces/faces/twitter/barputro/128.jpg
Hoyt75,https://s3.amazonaws.com/uifaces/faces/twitter/mocabyte/128.jpg
Benton.Auer84,https://s3.amazonaws.com/uifaces/faces/twitter/funwatercat/128.jpg
Mackenzie_Haag79,https://s3.amazonaws.com/uifaces/faces/twitter/kuldarkalvik/128.jpg
Hubert.DAmore,https://s3.amazonaws.com/uifaces/faces/twitter/the_purplebunny/128.jpg
Mariana_Gleason17,https://s3.amazonaws.com/uifaces/faces/twitter/amandabuzard/128.jpg
Mae.Kemmer,https://s3.amazonaws.com/uifaces/faces/twitter/dactrtr/128.jpg
Gerard_Strosin71,https://s3.amazonaws.com/uifaces/faces/twitter/ma_tiax/128.jpg
Casper.McClure,https://s3.amazonaws.com/uifaces/faces/twitter/gabrielrosser/128.jpg
Vince_Grimes20,https://s3.amazonaws.com/uifaces/faces/twitter/arindam_/128.jpg
Nathaniel33,https://s3.amazonaws.com/uifaces/faces/twitter/nutzumi/128.jpg
Americo39,https://s3.amazonaws.com/uifaces/faces/twitter/the_purplebunny/128.jpg
Dominique32,https://s3.amazonaws.com/uifaces/faces/twitter/ssbb_me/128.jpg
Marietta.Kertzmann,https://s3.amazonaws.com/uifaces/faces/twitter/privetwagner/128.jpg
Adela91,https://s3.amazonaws.com/uifaces/faces/twitter/edgarchris99/128.jpg
Ena_Bradtke,https://s3.amazonaws.com/uifaces/faces/twitter/arindam_/128.jpg
Tomasa_Watsica,https://s3.amazonaws.com/uifaces/faces/twitter/andysolomon/128.jpg
Yazmin97,https://s3.amazonaws.com/uifaces/faces/twitter/tumski/128.jpg
Minerva_Heathcote90,https://s3.amazonaws.com/uifaces/faces/twitter/damenleeturks/128.jpg
Salvatore.Purdy95,https://s3.amazonaws.com/uifaces/faces/twitter/itstotallyamy/128.jpg
Casimer68,https://s3.amazonaws.com/uifaces/faces/twitter/jimmuirhead/128.jpg
Hilbert.Runolfsdottir,https://s3.amazonaws.com/uifaces/faces/twitter/jwalter14/128.jpg
Bradford_Littel6,https://s3.amazonaws.com/uifaces/faces/twitter/michigangraham/128.jpg
Pascale.Gibson,https://s3.amazonaws.com/uifaces/faces/twitter/ecommerceil/128.jpg
Louvenia52,https://s3.amazonaws.com/uifaces/faces/twitter/salimianoff/128.jpg
Collin.Bechtelar14,https://s3.amazonaws.com/uifaces/faces/twitter/d_nny_m_cher/128.jpg
Ari77,https://s3.amazonaws.com/uifaces/faces/twitter/gregkilian/128.jpg
Johnathon.Kuvalis,https://s3.amazonaws.com/uifaces/faces/twitter/sawrb/128.jpg
Kaylin10,https://s3.amazonaws.com/uifaces/faces/twitter/joetruesdell/128.jpg
Nelson30,https://s3.amazonaws.com/uifaces/faces/twitter/jordyvdboom/128.jpg
Erich81,https://s3.amazonaws.com/uifaces/faces/twitter/a_brixen/128.jpg
Guillermo12,https://s3.amazonaws.com/uifaces/faces/twitter/nicklacke/128.jpg
Katelin69,https://s3.amazonaws.com/uifaces/faces/twitter/mattsapii/128.jpg
Veda_Witting47,https://s3.amazonaws.com/uifaces/faces/twitter/jlsolerdeltoro/128.jpg
Shad_Hintz39,https://s3.amazonaws.com/uifaces/faces/twitter/mr_shiznit/128.jpg
Arden_Koss,https://s3.amazonaws.com/uifaces/faces/twitter/naitanamoreno/128.jpg
Skylar18,https://s3.amazonaws.com/uifaces/faces/twitter/markolschesky/128.jpg
Patricia.Adams,https://s3.amazonaws.com/uifaces/faces/twitter/uxalex/128.jpg
Halle.Feest70,https://s3.amazonaws.com/uifaces/faces/twitter/roybarberuk/128.jpg
Duncan16,https://s3.amazonaws.com/uifaces/faces/twitter/alecarpentier/128.jpg
Gavin10,https://s3.amazonaws.com/uifaces/faces/twitter/ashocka18/128.jpg
Marjory_Stehr,https://s3.amazonaws.com/uifaces/faces/twitter/shalt0ni/128.jpg
Merlin_Kessler48,https://s3.amazonaws.com/uifaces/faces/twitter/hugomano/128.jpg
Judge63,https://s3.amazonaws.com/uifaces/faces/twitter/cdavis565/128.jpg
Ariel_Pagac,https://s3.amazonaws.com/uifaces/faces/twitter/carlyson/128.jpg
Marcelino.Hettinger91,https://s3.amazonaws.com/uifaces/faces/twitter/josemarques/128.jpg
Linwood8,https://s3.amazonaws.com/uifaces/faces/twitter/nelsonjoyce/128.jpg
Darrel.Kirlin38,https://s3.amazonaws.com/uifaces/faces/twitter/ateneupopular/128.jpg
Emory_Dickens25,https://s3.amazonaws.com/uifaces/faces/twitter/daykiine/128.jpg
Chaim58,https://s3.amazonaws.com/uifaces/faces/twitter/imsoper/128.jpg
Shaina58,https://s3.amazonaws.com/uifaces/faces/twitter/canapud/128.jpg
Raymundo90,https://s3.amazonaws.com/uifaces/faces/twitter/stan/128.jpg
Eduardo_Marks,https://s3.amazonaws.com/uifaces/faces/twitter/gt/128.jpg
Randy_Cassin,https://s3.amazonaws.com/uifaces/faces/twitter/joelcipriano/128.jpg
Otis_Hane97,https://s3.amazonaws.com/uifaces/faces/twitter/_pedropinho/128.jpg
Whitney_Mann,https://s3.amazonaws.com/uifaces/faces/twitter/tgerken/128.jpg
Maxwell.Stehr,https://s3.amazonaws.com/uifaces/faces/twitter/rawdiggie/128.jpg
Emmanuel_Toy,https://s3.amazonaws.com/uifaces/faces/twitter/msveet/128.jpg
Trevion.Hauck74,https://s3.amazonaws.com/uifaces/faces/twitter/trubeatto/128.jpg
Kaylee.Morissette,https://s3.amazonaws.com/uifaces/faces/twitter/imsoper/128.jpg
Shaun_Rempel,https://s3.amazonaws.com/uifaces/faces/twitter/skkirilov/128.jpg
Tad_Thiel,https://s3.amazonaws.com/uifaces/faces/twitter/mohanrohith/128.jpg
Maria_Larkin93,https://s3.amazonaws.com/uifaces/faces/twitter/andytlaw/128.jpg
Keanu_Heathcote,https://s3.amazonaws.com/uifaces/faces/twitter/mizko/128.jpg
Ludie_Hermiston,https://s3.amazonaws.com/uifaces/faces/twitter/vovkasolovev/128.jpg
Benjamin96,https://s3.amazonaws.com/uifaces/faces/twitter/travishines/128.jpg
Tracey.Funk51,https://s3.amazonaws.com/uifaces/faces/twitter/joeymurdah/128.jpg
Grayce81,https://s3.amazonaws.com/uifaces/faces/twitter/colirpixoil/128.jpg
Avis29,https://s3.amazonaws.com/uifaces/faces/twitter/joshaustin/128.jpg
Magdalen_Wisozk,https://s3.amazonaws.com/uifaces/faces/twitter/shesgared/128.jpg
Christy_Macejkovic,https://s3.amazonaws.com/uifaces/faces/twitter/scottfeltham/128.jpg
Jacklyn.Armstrong,https://s3.amazonaws.com/uifaces/faces/twitter/benjamin_knight/128.jpg
Moshe.Reichert,https://s3.amazonaws.com/uifaces/faces/twitter/karlkanall/128.jpg
Jamaal75,https://s3.amazonaws.com/uifaces/faces/twitter/jpenico/128.jpg
Kathryne40,https://s3.amazonaws.com/uifaces/faces/twitter/woodydotmx/128.jpg
Marianne.Zulauf26,https://s3.amazonaws.com/uifaces/faces/twitter/abotap/128.jpg
Darrick.Walker78,https://s3.amazonaws.com/uifaces/faces/twitter/batsirai/128.jpg
Krystel_MacGyver,https://s3.amazonaws.com/uifaces/faces/twitter/sachacorazzi/128.jpg
Magali_Rowe,https://s3.amazonaws.com/uifaces/faces/twitter/saarabpreet/128.jpg
Rhea86,https://s3.amazonaws.com/uifaces/faces/twitter/nerdgr8/128.jpg
Cullen54,https://s3.amazonaws.com/uifaces/faces/twitter/scottgallant/128.jpg
Ashtyn.Ferry28,https://s3.amazonaws.com/uifaces/faces/twitter/thiagovernetti/128.jpg
Ashley32,https://s3.amazonaws.com/uifaces/faces/twitter/the_winslet/128.jpg
Frederik_Thiel,https://s3.amazonaws.com/uifaces/faces/twitter/kumarrajan12123/128.jpg
Aditya.Konopelski,https://s3.amazonaws.com/uifaces/faces/twitter/9lessons/128.jpg
Velda.Mertz,https://s3.amazonaws.com/uifaces/faces/twitter/nicoleglynn/128.jpg
Garrick97,https://s3.amazonaws.com/uifaces/faces/twitter/charliecwaite/128.jpg
Heath57,https://s3.amazonaws.com/uifaces/faces/twitter/chaensel/128.jpg
Edna99,https://s3.amazonaws.com/uifaces/faces/twitter/the_purplebunny/128.jpg
Luis.Greenholt85,https://s3.amazonaws.com/uifaces/faces/twitter/_williamguerra/128.jpg
Erica.Smitham28,https://s3.amazonaws.com/uifaces/faces/twitter/franciscoamk/128.jpg
Kamryn.Heidenreich49,https://s3.amazonaws.com/uifaces/faces/twitter/renbyrd/128.jpg
Elliott_Bednar84,https://s3.amazonaws.com/uifaces/faces/twitter/areandacom/128.jpg
Brittany.Hayes32,https://s3.amazonaws.com/uifaces/faces/twitter/ZacharyZorbas/128.jpg
Juvenal91,https://s3.amazonaws.com/uifaces/faces/twitter/nelshd/128.jpg
Zechariah.Simonis64,https://s3.amazonaws.com/uifaces/faces/twitter/dhooyenga/128.jpg
Kale68,https://s3.amazonaws.com/uifaces/faces/twitter/nicoleglynn/128.jpg
Virgil.Krajcik32,https://s3.amazonaws.com/uifaces/faces/twitter/gseguin/128.jpg
Alba45,https://s3.amazonaws.com/uifaces/faces/twitter/clubb3rry/128.jpg
Estevan_Moen,https://s3.amazonaws.com/uifaces/faces/twitter/ashernatali/128.jpg
Adan41,https://s3.amazonaws.com/uifaces/faces/twitter/muridrahhal/128.jpg
Kali14,https://s3.amazonaws.com/uifaces/faces/twitter/surgeonist/128.jpg
Barry.Bernier,https://s3.amazonaws.com/uifaces/faces/twitter/VinThomas/128.jpg
Enid93,https://s3.amazonaws.com/uifaces/faces/twitter/kazaky999/128.jpg
Cortez53,https://s3.amazonaws.com/uifaces/faces/twitter/dawidwu/128.jpg
Martin.Feest,https://s3.amazonaws.com/uifaces/faces/twitter/chanpory/128.jpg
Pearline.Kuhic98,https://s3.amazonaws.com/uifaces/faces/twitter/teddyzetterlund/128.jpg
Jerrold.Rolfson,https://s3.amazonaws.com/uifaces/faces/twitter/danthms/128.jpg
Arlie.Glover,https://s3.amazonaws.com/uifaces/faces/twitter/dnezkumar/128.jpg
Jaycee79,https://s3.amazonaws.com/uifaces/faces/twitter/paulfarino/128.jpg
Trudie.Ryan,https://s3.amazonaws.com/uifaces/faces/twitter/nitinhayaran/128.jpg
Gaston_Schneider,https://s3.amazonaws.com/uifaces/faces/twitter/ryanmclaughlin/128.jpg
Eugenia86,https://s3.amazonaws.com/uifaces/faces/twitter/sdidonato/128.jpg
Everett_Muller44,https://s3.amazonaws.com/uifaces/faces/twitter/imomenui/128.jpg
Lance_Mayer,https://s3.amazonaws.com/uifaces/faces/twitter/lokesh_coder/128.jpg
Carlee.Roberts,https://s3.amazonaws.com/uifaces/faces/twitter/areandacom/128.jpg
Lurline.Reilly82,https://s3.amazonaws.com/uifaces/faces/twitter/madebyvadim/128.jpg
Enrique_Hermann,https://s3.amazonaws.com/uifaces/faces/twitter/jmillspaysbills/128.jpg
Isaiah_Lehner,https://s3.amazonaws.com/uifaces/faces/twitter/diesellaws/128.jpg
Dahlia.Senger,https://s3.amazonaws.com/uifaces/faces/twitter/iqbalperkasa/128.jpg
Jessica.Dach10,https://s3.amazonaws.com/uifaces/faces/twitter/iamsteffen/128.jpg
Liliana20,https://s3.amazonaws.com/uifaces/faces/twitter/amandabuzard/128.jpg
Fern39,https://s3.amazonaws.com/uifaces/faces/twitter/nessoila/128.jpg
Finn_Jacobson,https://s3.amazonaws.com/uifaces/faces/twitter/kolsvein/128.jpg
Jillian69,https://s3.amazonaws.com/uifaces/faces/twitter/yecidsm/128.jpg
Geoffrey.Mraz,https://s3.amazonaws.com/uifaces/faces/twitter/davidsasda/128.jpg
Davonte.Hickle99,https://s3.amazonaws.com/uifaces/faces/twitter/jennyshen/128.jpg
Gisselle40,https://s3.amazonaws.com/uifaces/faces/twitter/necodymiconer/128.jpg
Deja.Mayer,https://s3.amazonaws.com/uifaces/faces/twitter/dpmachado/128.jpg
Maximilian_Jast97,https://s3.amazonaws.com/uifaces/faces/twitter/ssiskind/128.jpg
Gunner_Williamson65,https://s3.amazonaws.com/uifaces/faces/twitter/tanveerrao/128.jpg
Edwin_Mraz,https://s3.amazonaws.com/uifaces/faces/twitter/pehamondello/128.jpg
Chaya.Schuster21,https://s3.amazonaws.com/uifaces/faces/twitter/VMilescu/128.jpg
Dorothea54,https://s3.amazonaws.com/uifaces/faces/twitter/adobi/128.jpg
Beau_Kshlerin82,https://s3.amazonaws.com/uifaces/faces/twitter/nathalie_fs/128.jpg
Issac_Kihn60,https://s3.amazonaws.com/uifaces/faces/twitter/victorDubugras/128.jpg
Riley.Volkman,https://s3.amazonaws.com/uifaces/faces/twitter/paulfarino/128.jpg
Blaze.Ziemann,https://s3.amazonaws.com/uifaces/faces/twitter/jagan123/128.jpg
Dayne.Kub49,https://s3.amazonaws.com/uifaces/faces/twitter/fotomagin/128.jpg
Josie.Abernathy,https://s3.amazonaws.com/uifaces/faces/twitter/vicivadeline/128.jpg
General.Konopelski72,https://s3.amazonaws.com/uifaces/faces/twitter/gaborenton/128.jpg
Marcelina68,https://s3.amazonaws.com/uifaces/faces/twitter/ariffsetiawan/128.jpg
Zoie17,https://s3.amazonaws.com/uifaces/faces/twitter/kostaspt/128.jpg
Audrey50,https://s3.amazonaws.com/uifaces/faces/twitter/mizko/128.jpg
Pearlie.Grady,https://s3.amazonaws.com/uifaces/faces/twitter/flexrs/128.jpg
Abagail_Howe84,https://s3.amazonaws.com/uifaces/faces/twitter/sterlingrules/128.jpg
Shanna.Lind,https://s3.amazonaws.com/uifaces/faces/twitter/aviddayentonbay/128.jpg
Treva_Wisoky14,https://s3.amazonaws.com/uifaces/faces/twitter/deeenright/128.jpg
Samir75,https://s3.amazonaws.com/uifaces/faces/twitter/stephcoue/128.jpg
Rolando27,https://s3.amazonaws.com/uifaces/faces/twitter/iqonicd/128.jpg
Lesley_Blick,https://s3.amazonaws.com/uifaces/faces/twitter/josemarques/128.jpg
Murphy_Bode,https://s3.amazonaws.com/uifaces/faces/twitter/s4f1/128.jpg
Kay82,https://s3.amazonaws.com/uifaces/faces/twitter/deviljho_/128.jpg
Davin.OKeefe,https://s3.amazonaws.com/uifaces/faces/twitter/jjsiii/128.jpg
Anastacio.OKon,https://s3.amazonaws.com/uifaces/faces/twitter/haydn_woods/128.jpg
Evie_Larson,https://s3.amazonaws.com/uifaces/faces/twitter/justinrhee/128.jpg
Fabian_Wisozk80,https://s3.amazonaws.com/uifaces/faces/twitter/kimcool/128.jpg
Toby_Bailey8,https://s3.amazonaws.com/uifaces/faces/twitter/missaaamy/128.jpg
Ottilie.White,https://s3.amazonaws.com/uifaces/faces/twitter/soffes/128.jpg
Hortense_Kreiger39,https://s3.amazonaws.com/uifaces/faces/twitter/giancarlon/128.jpg
Rogers_DuBuque48,https://s3.amazonaws.com/uifaces/faces/twitter/richardgarretts/128.jpg
Ellsworth19,https://s3.amazonaws.com/uifaces/faces/twitter/weglov/128.jpg
Marlee97,https://s3.amazonaws.com/uifaces/faces/twitter/mangosango/128.jpg
Rebeca9,https://s3.amazonaws.com/uifaces/faces/twitter/stushona/128.jpg
Cecil_Reinger22,https://s3.amazonaws.com/uifaces/faces/twitter/bcrad/128.jpg
Selena.Daniel60,https://s3.amazonaws.com/uifaces/faces/twitter/arishi_/128.jpg
Shawna_Conroy,https://s3.amazonaws.com/uifaces/faces/twitter/thinkleft/128.jpg
Precious30,https://s3.amazonaws.com/uifaces/faces/twitter/aaroni/128.jpg
